query,imu_instance,sensor,host_send_monotonic_ns,host_end_monotonic_ns,timestamp,timestamp_sample,device_id,error_count,samples,x,y,z,temperature,clip_x,clip_y,clip_z,unit
8,0,accel,2876995399913,2877036070986,2894046591,2894046546,6946826,0,2,-0.16699,0.14544,-9.69472,33.87500,0,0,0,m/s^2
9,0,gyro,2877036350704,2877069113213,2894087410,2894087311,6684682,0,3,0.01491,-0.01739,-0.01491,nan,0,0,0,rad/s
10,0,accel,2877195984109,2877238061902,2894247304,2894247262,6946826,0,2,-0.12030,0.15981,-9.69652,33.87500,0,0,0,m/s^2
11,0,gyro,2877238325268,2877272125720,2894288443,2894288344,6684682,0,3,-0.01313,0.00319,-0.00106,nan,0,0,0,rad/s
12,0,accel,2877398120948,2877441105737,2894448052,2894447967,6946826,0,2,-0.13108,0.10414,-9.75937,33.87500,0,0,0,m/s^2
13,0,gyro,2877441680374,2877475611484,2894493980,2894493879,6684682,0,3,0.01278,0.00816,-0.02556,nan,0,0,0,rad/s
14,0,accel,2877597342455,2877634093438,2894648710,2894648669,6946826,0,2,-0.09876,0.10773,-9.76655,33.87500,0,0,0,m/s^2
15,0,gyro,2877634364388,2877665136418,2894684558,2894684456,6684682,0,3,-0.00106,-0.01420,0.00852,nan,0,0,0,rad/s
16,0,accel,2877797725301,2877834236918,2894848183,2894848134,6946826,0,2,-0.08978,0.13287,-9.70549,33.87500,0,0,0,m/s^2
17,0,gyro,2877834691361,2877867421100,2894885547,2894885443,6684682,0,3,0.00461,-0.00248,-0.00781,nan,0,0,0,rad/s
18,0,accel,2877996168358,2878037007466,2895047653,2895047610,6946826,0,2,-0.13108,0.11133,-9.68754,33.75000,0,0,0,m/s^2
19,0,gyro,2878037399891,2878071213303,2895088070,2895087976,6684682,0,3,0.00071,-0.01739,0.03231,nan,0,0,0,rad/s
20,0,accel,2878199259650,2878237993238,2895249604,2895249560,6946826,0,2,-0.08260,0.12390,-9.71268,33.75000,0,0,0,m/s^2
21,0,gyro,2878238177018,2878271255917,2895289104,2895289009,6684682,0,3,0.01278,0.02556,-0.00035,nan,0,0,0,rad/s
22,0,accel,2878399314359,2878436119231,2895450318,2895450274,6946826,0,2,-0.10594,0.09876,-9.74500,33.75000,0,0,0,m/s^2
23,0,gyro,2878436415973,2878471035771,2895487184,2895487089,6684682,0,3,0.01136,-0.00532,0.00071,nan,0,0,0,rad/s
24,0,accel,2878596233412,2878636094705,2895644794,2895644752,6946826,0,2,-0.13826,0.10953,-9.71447,33.75000,0,0,0,m/s^2
25,0,gyro,2878636470266,2878671083216,2895686671,2895686575,6684682,0,3,0.00461,0.00213,-0.01136,nan,0,0,0,rad/s
26,0,accel,2878799296413,2878838028337,2895849247,2895849204,6946826,0,2,-0.11133,0.16699,-9.72884,33.75000,0,0,0,m/s^2
27,0,gyro,2878838532380,2878872125627,2895889234,2895889108,6684682,0,3,-0.00213,0.00284,0.00177,nan,0,0,0,rad/s
28,0,accel,2878995860322,2879037019821,2896047466,2896047424,6946826,0,2,-0.12749,0.15801,-9.78450,33.87500,0,0,0,m/s^2
29,0,gyro,2879037272563,2879069149290,2896088743,2896088641,6684682,0,3,-0.01668,0.01278,-0.00887,nan,0,0,0,rad/s
30,0,accel,2879197020784,2879231114042,2896245701,2896245658,6946826,0,2,-0.15801,0.08978,-9.72345,33.87500,0,0,0,m/s^2
31,0,gyro,2879231410721,2879267072814,2896282349,2896282219,6684682,0,3,0.00355,-0.01029,0.00461,nan,0,0,0,rad/s
32,0,accel,2879396799677,2879436048028,2896447674,2896447633,6946826,0,2,-0.13826,0.06105,-9.76655,33.87500,0,0,0,m/s^2
33,0,gyro,2879436224608,2879470600496,2896486308,2896486206,6684682,0,3,0.00816,-0.01207,0.01207,nan,0,0,0,rad/s
34,0,accel,2879595696405,2879636147952,2896648377,2896648332,6946826,0,2,-0.11312,0.13108,-9.72884,33.87500,0,0,0,m/s^2
35,0,gyro,2879636513144,2879670554337,2896687462,2896687286,6684682,0,3,-0.00852,0.00000,0.02130,nan,0,0,0,rad/s
36,0,accel,2879796290453,2879829219972,2896845342,2896845291,6946826,0,2,-0.11492,0.10055,-9.68574,33.87500,0,0,0,m/s^2
37,0,gyro,2879829781329,2879866087085,2896879376,2896879270,6684682,0,3,0.00745,-0.01207,0.00284,nan,0,0,0,rad/s
38,0,accel,2879996264550,2880030188107,2897044827,2897044783,6946826,0,2,-0.09516,0.11671,-9.70729,33.75000,0,0,0,m/s^2
39,0,gyro,2880030761689,2880066849776,2897080404,2897080306,6684682,0,3,0.00852,-0.00497,-0.00532,nan,0,0,0,rad/s
40,0,accel,2880199334077,2880238121330,2897249298,2897249255,6946826,0,2,-0.14185,0.16340,-9.76834,33.75000,0,0,0,m/s^2
41,0,gyro,2880238863939,2880272198011,2897288935,2897288838,6684682,0,3,-0.00816,-0.02982,0.02556,nan,0,0,0,rad/s
42,0,accel,2880399125769,2880438061569,2897450114,2897449988,6946826,0,2,-0.13467,0.13646,-9.70549,33.75000,0,0,0,m/s^2
43,0,gyro,2880438324807,2880472175530,2897488471,2897488370,6684682,0,3,0.00568,-0.01313,0.02272,nan,0,0,0,rad/s
44,0,accel,2880599312285,2880638146771,2897649493,2897649449,6946826,0,2,-0.10594,0.14185,-9.74500,33.75000,0,0,0,m/s^2
45,0,gyro,2880638396152,2880672178458,2897689506,2897689403,6684682,0,3,0.01136,0.00532,0.00177,nan,0,0,0,rad/s
46,0,accel,2880799088616,2880838074241,2897850222,2897850164,6946826,0,2,-0.14006,0.18136,-9.74320,33.75000,0,0,0,m/s^2
47,0,gyro,2880838292518,2880872447857,2897889048,2897888936,6684682,0,3,0.01349,-0.01136,0.01349,nan,0,0,0,rad/s
48,0,accel,2880999115257,2881036424875,2898049666,2898049622,6946826,0,2,-0.11671,0.17238,-9.71806,33.75000,0,0,0,m/s^2
49,0,gyro,2881036854517,2881071134627,2898087066,2898086968,6684682,0,3,-0.00355,0.00710,0.02450,nan,0,0,0,rad/s
50,0,accel,2881196300072,2881237096010,2898247878,2898247837,6946826,0,2,-0.08080,0.10594,-9.73243,33.75000,0,0,0,m/s^2
51,0,gyro,2881237609014,2881270226462,2898288100,2898288001,6684682,0,3,0.00142,-0.00106,-0.00781,nan,0,0,0,rad/s
52,0,accel,2881397096265,2881436271462,2898446171,2898446073,6946826,0,2,-0.14006,0.12569,-9.72884,33.75000,0,0,0,m/s^2
53,0,gyro,2881436521132,2881469207605,2898487682,2898487581,6684682,0,3,-0.01668,-0.01207,-0.00816,nan,0,0,0,rad/s
54,0,accel,2881596297125,2881630199978,2898645591,2898645545,6946826,0,2,-0.17417,0.13108,-9.71986,33.75000,0,0,0,m/s^2
55,0,gyro,2881630458672,2881671129711,2898681165,2898681066,6684682,0,3,0.00568,-0.01846,0.00639,nan,0,0,0,rad/s
56,0,accel,2881796312084,2881838101996,2898847550,2898847508,6946826,0,2,-0.12749,0.20829,-9.73243,33.75000,0,0,0,m/s^2
57,0,gyro,2881838434100,2881871284288,2898889709,2898889600,6684682,0,3,0.00248,0.00106,0.00887,nan,0,0,0,rad/s
58,0,accel,2881999500715,2882037220870,2899049517,2899049470,6946826,0,2,-0.12210,0.10773,-9.77912,33.75000,0,0,0,m/s^2
59,0,gyro,2882037587087,2882070204342,2899087776,2899087679,6684682,0,3,0.00106,0.00319,-0.00035,nan,0,0,0,rad/s
60,0,accel,2882195653857,2882237213876,2899246493,2899246448,6946826,0,2,-0.13287,0.13467,-9.71806,33.75000,0,0,0,m/s^2
61,0,gyro,2882237816706,2882270212772,2899287262,2899287165,6684682,0,3,0.01668,-0.00390,0.01562,nan,0,0,0,rad/s
62,0,accel,2882397130800,2882437123199,2899448453,2899448410,6946826,0,2,-0.16160,0.13826,-9.75577,33.75000,0,0,0,m/s^2
63,0,gyro,2882437458375,2882469314460,2899488297,2899488197,6684682,0,3,-0.00603,0.01562,0.01917,nan,0,0,0,rad/s
64,0,accel,2882599708215,2882637125356,2899649168,2899649126,6946826,0,2,-0.09157,0.12390,-9.76834,33.75000,0,0,0,m/s^2
65,0,gyro,2882637418354,2882669208199,2899687912,2899687777,6684682,0,3,0.01633,-0.01278,0.02201,nan,0,0,0,rad/s
66,0,accel,2882795448387,2882830272796,2899844871,2899844826,6946826,0,2,-0.13646,0.15263,-9.77373,33.75000,0,0,0,m/s^2
67,0,gyro,2882830546242,2882869127601,2899881354,2899881261,6684682,0,3,0.00177,-0.00568,0.00710,nan,0,0,0,rad/s
68,0,accel,2882996418885,2883038143388,2900045562,2900045518,6946826,0,2,-0.11133,0.12749,-9.73602,33.75000,0,0,0,m/s^2
69,0,gyro,2883038486084,2883069328258,2900088396,2900088295,6684682,0,3,-0.00568,0.00142,-0.01420,nan,0,0,0,rad/s
70,0,accel,2883196634871,2883230557564,2900245018,2900244974,6946826,0,2,-0.11671,0.14185,-9.72166,33.75000,0,0,0,m/s^2
71,0,gyro,2883230773473,2883266197959,2900280477,2900280373,6684682,0,3,-0.01597,0.01526,0.00213,nan,0,0,0,rad/s
72,0,accel,2883397146126,2883438163348,2900445713,2900445671,6946826,0,2,-0.10055,0.17417,-9.81683,33.75000,0,0,0,m/s^2
73,0,gyro,2883438499771,2883471392777,2900488958,2900488861,6684682,0,3,-0.00639,-0.01100,0.02414,nan,0,0,0,rad/s
74,0,accel,2883596325606,2883630266539,2900645188,2900645145,6946826,0,2,-0.13646,0.10953,-9.67497,33.75000,0,0,0,m/s^2
75,0,gyro,2883630629395,2883665156869,2900681039,2900680892,6684682,0,3,0.02095,-0.00177,0.02095,nan,0,0,0,rad/s
76,0,accel,2883796386834,2883831423536,2900844652,2900844609,6946826,0,2,-0.11851,0.16160,-9.67856,33.75000,0,0,0,m/s^2
77,0,gyro,2883831767896,2883869291278,2900882024,2900881925,6684682,0,3,0.00781,0.01420,-0.02343,nan,0,0,0,rad/s
78,0,accel,2883999418946,2884037156765,2901049111,2901049069,6946826,0,2,-0.12030,0.12569,-9.71986,33.75000,0,0,0,m/s^2
79,0,gyro,2884037515878,2884070288400,2901087559,2901087458,6684682,0,3,-0.00710,-0.00674,-0.01810,nan,0,0,0,rad/s
80,0,accel,2884195362417,2884231522472,2901243721,2901243556,6946826,0,2,-0.12030,0.10953,-9.75937,33.75000,0,0,0,m/s^2
81,0,gyro,2884231768366,2884268381007,2901282591,2901282490,6684682,0,3,0.01597,-0.00994,0.00106,nan,0,0,0,rad/s
82,0,accel,2884399472024,2884436228860,2901449296,2901449254,6946826,0,2,-0.12030,0.14006,-9.79887,33.75000,0,0,0,m/s^2
83,0,gyro,2884436766601,2884470991732,2901486627,2901486523,6684682,0,3,0.00887,-0.00923,-0.00532,nan,0,0,0,rad/s
84,0,accel,2884599552163,2884636191525,2901648796,2901648715,6946826,0,2,-0.13287,0.15622,-9.67497,33.75000,0,0,0,m/s^2
85,0,gyro,2884636627759,2884670657589,2901687652,2901687556,6684682,0,3,0.01491,-0.00177,0.00710,nan,0,0,0,rad/s
86,0,accel,2884795394829,2884830396810,2901844531,2901844437,6946826,0,2,-0.10773,0.06284,-9.73243,33.75000,0,0,0,m/s^2
87,0,gyro,2884830770963,2884866244890,2901881187,2901881087,6684682,0,3,-0.00639,-0.01065,0.01242,nan,0,0,0,rad/s
88,0,accel,2884995393270,2885029436637,2902043942,2902043900,6946826,0,2,-0.16160,0.22266,-9.81503,33.75000,0,0,0,m/s^2
89,0,gyro,2885029819014,2885070265247,2902079215,2902079119,6684682,0,3,0.00035,0.02840,0.01491,nan,0,0,0,rad/s
90,0,accel,2885196378198,2885231329490,2902245941,2902245872,6946826,0,2,-0.13108,0.18674,-9.75218,33.75000,0,0,0,m/s^2
91,0,gyro,2885231576311,2885269248113,2902281752,2902281653,6684682,0,3,0.02556,-0.01207,0.02166,nan,0,0,0,rad/s
92,0,accel,2885395387655,2885431197686,2902444147,2902444105,6946826,0,2,-0.11133,0.08260,-9.77193,33.75000,0,0,0,m/s^2
93,0,gyro,2885431362234,2885466233972,2902481287,2902481187,6684682,0,3,0.01597,-0.01029,-0.00426,nan,0,0,0,rad/s
94,0,accel,2885595418000,2885630362859,2902643619,2902643578,6946826,0,2,-0.14006,0.10773,-9.78091,33.75000,0,0,0,m/s^2
95,0,gyro,2885630783508,2885667428022,2902680908,2902680764,6684682,0,3,0.01455,-0.01207,0.00532,nan,0,0,0,rad/s
96,0,accel,2885796563697,2885838243078,2902845565,2902845521,6946826,0,2,-0.11851,0.13287,-9.71268,33.75000,0,0,0,m/s^2
97,0,gyro,2885838634383,2885870856844,2902889349,2902889251,6684682,0,3,0.02379,0.02130,0.00248,nan,0,0,0,rad/s
98,0,accel,2885999267350,2886038230445,2903050027,2903049986,6946826,0,2,-0.11851,0.12390,-9.72704,33.75000,0,0,0,m/s^2
99,0,gyro,2886038501619,2886070491979,2903088884,2903088784,6684682,0,3,-0.00532,-0.00035,-0.00958,nan,0,0,0,rad/s
100,0,accel,2886195399750,2886231379448,2903244522,2903244478,6946826,0,2,-0.13467,0.15801,-9.70549,33.75000,0,0,0,m/s^2
101,0,gyro,2886231645886,2886268354306,2903282413,2903282315,6684682,0,3,-0.01136,0.00852,-0.02272,nan,0,0,0,rad/s
102,0,accel,2886396687497,2886436221740,2903445217,2903445175,6946826,0,2,-0.11851,0.14903,-9.77732,33.75000,0,0,0,m/s^2
103,0,gyro,2886436451890,2886469363742,2903486455,2903486348,6684682,0,3,0.00426,0.00887,-0.00035,nan,0,0,0,rad/s
104,0,accel,2886595435666,2886631380196,2903644695,2903644648,6946826,0,2,-0.12749,0.11851,-9.75398,33.75000,0,0,0,m/s^2
105,0,gyro,2886631915344,2886669020444,2903681483,2903681380,6684682,0,3,0.01633,0.00071,-0.00674,nan,0,0,0,rad/s
106,0,accel,2886797614410,2886832401697,2903846656,2903846613,6946826,0,2,-0.08978,0.11671,-9.69472,33.75000,0,0,0,m/s^2
107,0,gyro,2886832733865,2886868811357,2903882513,2903882412,6684682,0,3,0.00248,0.00745,-0.00852,nan,0,0,0,rad/s
108,0,accel,2886996297266,2887030381241,2904046129,2904046086,6946826,0,2,-0.09696,0.13826,-9.70909,33.75000,0,0,0,m/s^2
109,0,gyro,2887030697344,2887068387130,2904080548,2904080445,6684682,0,3,-0.00568,-0.00284,0.00887,nan,0,0,0,rad/s
110,0,accel,2887199528481,2887237274460,2904249329,2904249286,6946826,0,2,-0.08080,0.14006,-9.73243,33.75000,0,0,0,m/s^2
111,0,gyro,2887237563042,2887270358348,2904289079,2904288978,6684682,0,3,0.00497,-0.00994,-0.00142,nan,0,0,0,rad/s
112,0,accel,2887396427359,2887430360291,2904445024,2904444981,6946826,0,2,-0.11492,0.13646,-9.68395,33.75000,0,0,0,m/s^2
113,0,gyro,2887430550791,2887468186175,2904481157,2904481056,6684682,0,3,-0.01562,-0.00071,-0.00071,nan,0,0,0,rad/s
114,0,accel,2887599514985,2887636391600,2904649450,2904649405,6946826,0,2,-0.07721,0.12210,-9.77732,33.75000,0,0,0,m/s^2
115,0,gyro,2887636708183,2887671321386,2904686641,2904686543,6684682,0,3,0.01313,-0.00426,0.01668,nan,0,0,0,rad/s
116,0,accel,2887796538666,2887829578297,2904845164,2904845119,6946826,0,2,-0.13646,0.13826,-9.74679,33.75000,0,0,0,m/s^2
117,0,gyro,2887829970018,2887866026294,2904880168,2904880074,6684682,0,3,-0.00248,-0.00568,0.00816,nan,0,0,0,rad/s
118,0,accel,2887997355681,2888036445241,2905049666,2905049571,6946826,0,2,-0.08798,0.11671,-9.73423,33.62500,0,0,0,m/s^2
119,0,gyro,2888036906372,2888071352083,2905087226,2905087109,6684682,0,3,0.00674,-0.00603,0.02166,nan,0,0,0,rad/s
120,0,accel,2888197500168,2888236548960,2905249059,2905249018,6946826,0,2,-0.12030,0.10594,-9.74679,33.62500,0,0,0,m/s^2
121,0,gyro,2888237053867,2888271293686,2905286736,2905286640,6684682,0,3,-0.01597,-0.00213,0.00497,nan,0,0,0,rad/s
122,0,accel,2888399520537,2888436218395,2905448522,2905448461,6946826,0,2,-0.10055,0.14544,-9.72525,33.62500,0,0,0,m/s^2
123,0,gyro,2888436439168,2888470299842,2905484844,2905484672,6684682,0,3,-0.01739,0.01526,-0.01136,nan,0,0,0,rad/s
124,0,accel,2888595481535,2888636271615,2905646690,2905646647,6946826,0,2,-0.14903,0.21368,-9.72884,33.62500,0,0,0,m/s^2
125,0,gyro,2888636520932,2888671300475,2905687392,2905687204,6684682,0,3,0.00213,0.00639,-0.00426,nan,0,0,0,rad/s
126,0,accel,2888795535843,2888830598560,2905843631,2905843589,6946826,0,2,-0.07721,0.14006,-9.67676,33.62500,0,0,0,m/s^2
127,0,gyro,2888831153485,2888871321598,2905880835,2905880736,6684682,0,3,0.01242,0.01881,-0.01810,nan,0,0,0,rad/s
128,0,accel,2888996488219,2889036358758,2906045581,2906045534,6946826,0,2,-0.11851,0.17597,-9.64983,33.62500,0,0,0,m/s^2
129,0,gyro,2889036780111,2889070744691,2906086414,2906086316,6684682,0,3,-0.00177,0.01029,0.00923,nan,0,0,0,rad/s
130,0,accel,2889199573796,2889237430656,2906250049,2906250008,6946826,0,2,-0.10594,0.16340,-9.80785,33.62500,0,0,0,m/s^2
131,0,gyro,2889237858186,2889271327715,2906287408,2906287302,6684682,0,3,-0.00532,-0.00639,0.02201,nan,0,0,0,rad/s
132,0,accel,2889396542272,2889437376288,2906448281,2906448240,6946826,0,2,-0.12390,0.06643,-9.70370,33.62500,0,0,0,m/s^2
133,0,gyro,2889437699527,2889470612723,2906488430,2906488334,6684682,0,3,-0.00106,-0.01313,0.01597,nan,0,0,0,rad/s
134,0,accel,2889596510464,2889636366346,2906647755,2906647712,6946826,0,2,-0.10235,0.17058,-9.70549,33.62500,0,0,0,m/s^2
135,0,gyro,2889636640816,2889670323662,2906686513,2906686413,6684682,0,3,0.00035,-0.00355,0.01491,nan,0,0,0,rad/s
136,0,accel,2889799722250,2889836546895,2906849730,2906849685,6946826,0,2,-0.10953,0.19572,-9.71627,33.62500,0,0,0,m/s^2
137,0,gyro,2889837143484,2889869473371,2906887503,2906887398,6684682,0,3,-0.01136,0.00923,0.01455,nan,0,0,0,rad/s
138,0,accel,2889995502027,2890039056649,2907046689,2907046646,6946826,0,2,-0.18315,0.15083,-9.76296,33.62500,0,0,0,m/s^2
139,0,gyro,2890039263981,2890071413480,2907088531,2907088431,6684682,0,3,0.00674,-0.01171,0.02769,nan,0,0,0,rad/s
140,0,accel,2890196406112,2890232173197,2907244899,2907244856,6946826,0,2,-0.13826,0.09876,-9.76116,33.62500,0,0,0,m/s^2
141,0,gyro,2890232436083,2890266314133,2907282059,2907281962,6684682,0,3,-0.01136,-0.02414,-0.00035,nan,0,0,0,rad/s
142,0,accel,2890399635273,2890438761090,2907449324,2907449281,6946826,0,2,-0.15263,0.10414,-9.72884,33.62500,0,0,0,m/s^2
143,0,gyro,2890438946918,2890470424529,2907489139,2907489042,6684682,0,3,-0.00603,-0.00319,0.01136,nan,0,0,0,rad/s
144,0,accel,2890595779921,2890631641247,2907643792,2907643750,6946826,0,2,-0.13108,0.14724,-9.79528,33.62500,0,0,0,m/s^2
145,0,gyro,2890631946726,2890667449613,2907682633,2907682529,6684682,0,3,-0.02982,0.00106,-0.00816,nan,0,0,0,rad/s
146,0,accel,2890798734963,2890837364416,2907848243,2907848200,6946826,0,2,-0.17417,0.21368,-9.72525,33.62500,0,0,0,m/s^2
147,0,gyro,2890837787338,2890869620317,2907888155,2907888060,6684682,0,3,-0.02166,-0.00177,0.00035,nan,0,0,0,rad/s
148,0,accel,2890999724681,2891037481570,2908048937,2908048895,6946826,0,2,-0.12749,0.14903,-9.70549,33.62500,0,0,0,m/s^2
149,0,gyro,2891038014094,2891069490105,2908087691,2908087592,6684682,0,3,0.01136,-0.02840,0.04332,nan,0,0,0,rad/s
150,0,accel,2891195542665,2891229477484,2908243412,2908243369,6946826,0,2,-0.07721,0.16160,-9.71447,33.62500,0,0,0,m/s^2
151,0,gyro,2891229901205,2891267413193,2908279723,2908279623,6684682,0,3,-0.03053,-0.00674,-0.00958,nan,0,0,0,rad/s
152,0,accel,2891397002312,2891430866761,2908445377,2908445324,6946826,0,2,-0.05566,0.08260,-9.74320,33.62500,0,0,0,m/s^2
153,0,gyro,2891431181392,2891471614854,2908480754,2908480655,6684682,0,3,0.00355,-0.00887,0.01100,nan,0,0,0,rad/s
154,0,accel,2891596552315,2891630516446,2908644819,2908644777,6946826,0,2,-0.13287,0.13646,-9.71986,33.62500,0,0,0,m/s^2
155,0,gyro,2891630766532,2891670391336,2908680283,2908680187,6684682,0,3,0.00213,-0.01420,0.00461,nan,0,0,0,rad/s
156,0,accel,2891795594595,2891829493828,2908844278,2908844235,6946826,0,2,-0.10055,0.13467,-9.74320,33.62500,0,0,0,m/s^2
157,0,gyro,2891829898670,2891865847006,2908881321,2908881221,6684682,0,3,0.00319,-0.01881,0.00674,nan,0,0,0,rad/s
158,0,accel,2891996153005,2892036434464,2909047482,2909047439,6946826,0,2,-0.10773,0.19931,-9.75039,33.62500,0,0,0,m/s^2
159,0,gyro,2892036947051,2892071408954,2909086898,2909086799,6684682,0,3,0.00000,-0.01242,0.00355,nan,0,0,0,rad/s
160,0,accel,2892199752700,2892238454155,2909249423,2909249381,6946826,0,2,-0.18136,0.12928,-9.74141,33.62500,0,0,0,m/s^2
161,0,gyro,2892239005783,2892271512409,2909289431,2909289332,6684682,0,3,-0.00390,-0.00745,-0.01207,nan,0,0,0,rad/s
162,0,accel,2892399659510,2892437418799,2909448885,2909448841,6946826,0,2,-0.08978,0.13287,-9.70190,33.62500,0,0,0,m/s^2
163,0,gyro,2892437685205,2892471403187,2909487418,2909487317,6684682,0,3,-0.00142,-0.00603,0.01633,nan,0,0,0,rad/s
164,0,accel,2892596595180,2892636427221,2909648386,2909648299,6946826,0,2,-0.11671,0.10414,-9.73782,33.62500,0,0,0,m/s^2
165,0,gyro,2892636630041,2892670615037,2909686993,2909686896,6684682,0,3,0.00071,0.00248,-0.00106,nan,0,0,0,rad/s
166,0,accel,2892796622505,2892836402224,2909847782,2909847740,6946826,0,2,-0.11671,0.17956,-9.79707,33.62500,0,0,0,m/s^2
167,0,gyro,2892836711511,2892870498998,2909886483,2909886381,6684682,0,3,0.02414,-0.01668,-0.02414,nan,0,0,0,rad/s
168,0,accel,2892995640142,2893038558461,2910047247,2910047181,6946826,0,2,-0.15622,0.10953,-9.69831,33.75000,0,0,0,m/s^2
169,0,gyro,2893039049576,2893071752238,2910089010,2910088914,6684682,0,3,0.01349,-0.00071,-0.00177,nan,0,0,0,rad/s
170,0,accel,2893196612032,2893230578819,2910245406,2910245363,6946826,0,2,-0.10953,0.12390,-9.81144,33.75000,0,0,0,m/s^2
171,0,gyro,2893231110319,2893266406448,2910281116,2910280945,6684682,0,3,-0.00887,0.02201,0.00319,nan,0,0,0,rad/s
172,0,accel,2893399971271,2893439069182,2910448656,2910448529,6946826,0,2,-0.13287,0.17058,-9.71806,33.75000,0,0,0,m/s^2
173,0,gyro,2893439460583,2893470524328,2910489630,2910489525,6684682,0,3,-0.02769,0.01100,0.02805,nan,0,0,0,rad/s
174,0,accel,2893599733628,2893637458292,2910650522,2910650479,6946826,0,2,-0.13287,0.12928,-9.74859,33.75000,0,0,0,m/s^2
175,0,gyro,2893637705913,2893670137401,2910687611,2910687510,6684682,0,3,0.00355,-0.00319,-0.00461,nan,0,0,0,rad/s
176,0,accel,2893796809812,2893838434820,2910845004,2910844963,6946826,0,2,-0.13287,0.12210,-9.71986,33.75000,0,0,0,m/s^2
177,0,gyro,2893838653833,2893880455870,2910888644,2910888542,6684682,0,3,-0.01242,-0.00106,-0.01065,nan,0,0,0,rad/s
178,0,accel,2893996636970,2894031594339,2911044463,2911044422,6946826,0,2,-0.08080,0.13826,-9.77373,33.62500,0,0,0,m/s^2
179,0,gyro,2894031877961,2894066430841,2911082221,2911082120,6684682,0,3,0.00248,-0.00887,0.00887,nan,0,0,0,rad/s
180,0,accel,2894200452283,2894238480569,2911248899,2911248854,6946826,0,2,-0.11851,0.11312,-9.74679,33.62500,0,0,0,m/s^2
181,0,gyro,2894239027110,2894271646026,2911289202,2911289107,6684682,0,3,0.01242,0.02095,-0.02237,nan,0,0,0,rad/s
182,0,accel,2894396753407,2894430541918,2911445861,2911445817,6946826,0,2,-0.11133,0.09157,-9.73782,33.62500,0,0,0,m/s^2
183,0,gyro,2894430808804,2894466415820,2911481233,2911481138,6684682,0,3,0.00390,0.01349,-0.00284,nan,0,0,0,rad/s
184,0,accel,2894596701495,2894638456362,2911645376,2911645270,6946826,0,2,-0.11492,0.15083,-9.76116,33.62500,0,0,0,m/s^2
185,0,gyro,2894638676495,2894671563225,2911688273,2911688170,6684682,0,3,-0.01597,-0.02379,0.01029,nan,0,0,0,rad/s
186,0,accel,2894800280032,2894838450786,2911849789,2911849704,6946826,0,2,-0.11851,0.13467,-9.74859,33.62500,0,0,0,m/s^2
187,0,gyro,2894838664999,2894870559739,2911889299,2911889203,6684682,0,3,0.00248,-0.00177,0.01455,nan,0,0,0,rad/s
188,0,accel,2894999744557,2895037455428,2912049186,2912049142,6946826,0,2,-0.12749,0.09876,-9.76296,33.62500,0,0,0,m/s^2
189,0,gyro,2895037745227,2895069563708,2912087377,2912087281,6684682,0,3,0.00319,-0.01065,0.00674,nan,0,0,0,rad/s
190,0,accel,2895196702144,2895237498846,2912244946,2912244862,6946826,0,2,-0.11851,0.09876,-9.79528,33.62500,0,0,0,m/s^2
191,0,gyro,2895238097323,2895270627629,2912288369,2912288267,6684682,0,3,-0.00532,0.00461,-0.01846,nan,0,0,0,rad/s
192,0,accel,2895396653590,2895437655384,2912445580,2912445533,6946826,0,2,-0.13108,0.14006,-9.72704,33.62500,0,0,0,m/s^2
193,0,gyro,2895438277606,2895469619149,2912487958,2912487799,6684682,0,3,-0.00426,-0.01562,-0.00035,nan,0,0,0,rad/s
194,0,accel,2895599768500,2895637252646,2912648739,2912648694,6946826,0,2,-0.11671,0.15083,-9.74141,33.62500,0,0,0,m/s^2
195,0,gyro,2895637672751,2895671475822,2912687479,2912687377,6684682,0,3,-0.00745,0.00497,-0.01917,nan,0,0,0,rad/s
196,0,accel,2895796770279,2895829712338,2912845675,2912845630,6946826,0,2,-0.17058,0.14724,-9.73423,33.62500,0,0,0,m/s^2
197,0,gyro,2895830098170,2895865573535,2912879459,2912879362,6684682,0,3,-0.00887,-0.00887,0.00319,nan,0,0,0,rad/s
198,0,accel,2895996740829,2896030601405,2913045129,2913045085,6946826,0,2,-0.13108,0.13287,-9.81862,33.62500,0,0,0,m/s^2
199,0,gyro,2896031042023,2896069752692,2913080498,2913080394,6684682,0,3,0.01881,0.01988,0.00142,nan,0,0,0,rad/s
200,0,accel,2896199989981,2896237560081,2913249558,2913249514,6946826,0,2,-0.07900,0.14185,-9.71447,33.62500,0,0,0,m/s^2
201,0,gyro,2896238652554,2896271646166,2913287574,2913287474,6684682,0,3,-0.00355,-0.02414,0.00248,nan,0,0,0,rad/s
202,0,accel,2896396715721,2896431854117,2913445274,2913445232,6946826,0,2,-0.10953,0.16160,-9.82940,33.62500,0,0,0,m/s^2
203,0,gyro,2896432443123,2896468896429,2913482609,2913482505,6684682,0,3,0.00071,0.01136,-0.00710,nan,0,0,0,rad/s
204,0,accel,2896596699998,2896630965606,2913644739,2913644698,6946826,0,2,-0.12749,0.07182,-9.73961,33.62500,0,0,0,m/s^2
205,0,gyro,2896631441553,2896666967926,2913680594,2913680490,6684682,0,3,0.02237,0.02095,0.00958,nan,0,0,0,rad/s
206,0,accel,2896799805529,2896836571995,2913849183,2913849139,6946826,0,2,-0.12749,0.14724,-9.73243,33.62500,0,0,0,m/s^2
207,0,gyro,2896836884674,2896870882788,2913887668,2913887569,6684682,0,3,-0.01313,-0.01633,-0.00639,nan,0,0,0,rad/s
208,0,accel,2896996324160,2897038639263,2914047393,2914047352,6946826,0,2,-0.08798,0.15442,-9.72525,33.50000,0,0,0,m/s^2
209,0,gyro,2897038897829,2897071294691,2914088655,2914088555,6684682,0,3,-0.01207,0.01562,0.00142,nan,0,0,0,rad/s
210,0,accel,2897196772383,2897230952710,2914245616,2914245568,6946826,0,2,-0.10414,0.13467,-9.74679,33.50000,0,0,0,m/s^2
211,0,gyro,2897231249548,2897266540268,2914280686,2914280586,6684682,0,3,-0.00923,-0.00923,-0.01349,nan,0,0,0,rad/s
212,0,accel,2897397967534,2897431720747,2914446305,2914446262,6946826,0,2,-0.05925,0.10953,-9.75757,33.50000,0,0,0,m/s^2
213,0,gyro,2897431929808,2897470917731,2914481713,2914481618,6684682,0,3,0.00000,0.00532,-0.00923,nan,0,0,0,rad/s
214,0,accel,2897596053430,2897632111911,2914644500,2914644456,6946826,0,2,-0.16699,0.06823,-9.77732,33.50000,0,0,0,m/s^2
215,0,gyro,2897632662932,2897667574091,2914681250,2914681150,6684682,0,3,-0.00532,0.02166,0.00710,nan,0,0,0,rad/s
216,0,accel,2897796318512,2897837570390,2914846444,2914846401,6946826,0,2,-0.07900,0.10773,-9.73602,33.50000,0,0,0,m/s^2
217,0,gyro,2897838060610,2897872158822,2914888279,2914888183,6684682,0,3,-0.00710,-0.01917,-0.00532,nan,0,0,0,rad/s
218,0,accel,2897996727821,2898032340339,2915044640,2915044594,6946826,0,2,-0.07900,0.15801,-9.71088,33.50000,0,0,0,m/s^2
219,0,gyro,2898032663259,2898068048221,2915083311,2915083214,6684682,0,3,-0.02201,-0.00355,0.02272,nan,0,0,0,rad/s
220,0,accel,2898196026352,2898232319879,2915244089,2915244048,6946826,0,2,-0.07182,0.13467,-9.70190,33.50000,0,0,0,m/s^2
221,0,gyro,2898232600717,2898267613286,2915281347,2915281246,6684682,0,3,-0.00248,-0.01526,0.00745,nan,0,0,0,rad/s
222,0,accel,2898395780221,2898432605663,2915443536,2915443494,6946826,0,2,-0.14724,0.12390,-9.72704,33.50000,0,0,0,m/s^2
223,0,gyro,2898432878405,2898469556868,2915483878,2915483778,6684682,0,3,0.00355,-0.01207,0.01526,nan,0,0,0,rad/s
224,0,accel,2898599822186,2898638584568,2915649204,2915649161,6946826,0,2,-0.05207,0.13287,-9.72166,33.50000,0,0,0,m/s^2
225,0,gyro,2898638810142,2898681996496,2915689408,2915689311,6684682,0,3,-0.01420,0.02379,0.00852,nan,0,0,0,rad/s
226,0,accel,2898799923711,2898837699638,2915848670,2915848625,6946826,0,2,-0.12030,0.16160,-9.74500,33.50000,0,0,0,m/s^2
227,0,gyro,2898838192225,2898869834990,2915887440,2915887342,6684682,0,3,0.01420,0.00213,-0.00781,nan,0,0,0,rad/s
228,0,accel,2898995760402,2899030783372,2916044385,2916044341,6946826,0,2,-0.15801,0.14724,-9.77732,33.50000,0,0,0,m/s^2
229,0,gyro,2899031023089,2899068584868,2916083975,2916083874,6684682,0,3,-0.00532,-0.00674,-0.00177,nan,0,0,0,rad/s
230,0,accel,2899196641624,2899230731036,2916245147,2916245035,6946826,0,2,-0.12030,0.15801,-9.71806,33.50000,0,0,0,m/s^2
231,0,gyro,2899231046307,2899267653696,2916280552,2916280452,6684682,0,3,0.02201,-0.00745,0.00958,nan,0,0,0,rad/s
232,0,accel,2899395761909,2899430738925,2916444522,2916444479,6946826,0,2,-0.14365,0.13826,-9.72704,33.50000,0,0,0,m/s^2
233,0,gyro,2899430907217,2899467747763,2916483089,2916482984,6684682,0,3,-0.01668,-0.00390,0.00142,nan,0,0,0,rad/s
234,0,accel,2899595774694,2899630707100,2916644010,2916643930,6946826,0,2,-0.12569,0.13646,-9.75398,33.50000,0,0,0,m/s^2
235,0,gyro,2899630908033,2899665751222,2916681069,2916680969,6684682,0,3,-0.01810,0.02095,-0.00852,nan,0,0,0,rad/s
236,0,accel,2899797512125,2899837625545,2916848431,2916848387,6946826,0,2,-0.13646,0.14544,-9.79348,33.50000,0,0,0,m/s^2
237,0,gyro,2899837810094,2899871852880,2916888143,2916888048,6684682,0,3,0.00781,0.01349,0.00497,nan,0,0,0,rad/s
238,0,accel,2899999977541,2900037595737,2917049145,2917049102,6946826,0,2,-0.11133,0.11133,-9.72345,33.50000,0,0,0,m/s^2
239,0,gyro,2900037933057,2900071809152,2917087633,2917087534,6684682,0,3,0.00745,0.00497,0.01313,nan,0,0,0,rad/s
240,0,accel,2900200220027,2900237604393,2917248665,2917248574,6946826,0,2,-0.11312,0.13467,-9.75757,33.50000,0,0,0,m/s^2
241,0,gyro,2900237826702,2900271827184,2917288667,2917288566,6684682,0,3,0.01846,0.00142,0.00035,nan,0,0,0,rad/s
242,0,accel,2900397224230,2900436656707,2917448084,2917448042,6946826,0,2,-0.17058,0.07003,-9.74141,33.50000,0,0,0,m/s^2
243,0,gyro,2900437158414,2900470734662,2917486777,2917486597,6684682,0,3,-0.00639,0.02911,0.01704,nan,0,0,0,rad/s
244,0,accel,2900597149651,2900636638449,2917645061,2917645016,6946826,0,2,-0.12749,0.07900,-9.75757,33.50000,0,0,0,m/s^2
245,0,gyro,2900636998105,2900670702036,2917687729,2917687629,6684682,0,3,-0.00994,0.01136,-0.00852,nan,0,0,0,rad/s
246,0,accel,2900795834980,2900839069815,2917846993,2917846951,6946826,0,2,-0.09516,0.05566,-9.63367,33.50000,0,0,0,m/s^2
247,0,gyro,2900839447615,2900872027361,2917888761,2917888661,6684682,0,3,0.01313,0.01526,0.01171,nan,0,0,0,rad/s
248,0,accel,2900997145552,2901038637819,2918045198,2918045156,6946826,0,2,-0.14365,0.13826,-9.75757,33.50000,0,0,0,m/s^2
249,0,gyro,2901039084358,2901072437848,2918089793,2918089693,6684682,0,3,-0.01455,-0.00390,0.01455,nan,0,0,0,rad/s
250,0,accel,2901197414213,2901238660267,2918248405,2918248362,6946826,0,2,-0.17238,0.12749,-9.77373,33.50000,0,0,0,m/s^2
251,0,gyro,2901239224727,2901269825292,2918289325,2918289225,6684682,0,3,-0.02024,0.00568,-0.01065,nan,0,0,0,rad/s
252,0,accel,2901399992429,2901438696793,2918449117,2918449072,6946826,0,2,-0.14544,0.16879,-9.68395,33.50000,0,0,0,m/s^2
253,0,gyro,2901439191812,2901472193262,2918488854,2918488756,6684682,0,3,-0.01739,-0.00071,-0.02734,nan,0,0,0,rad/s
254,0,accel,2901595854780,2901638648996,2918643592,2918643550,6946826,0,2,-0.07721,0.05207,-9.74500,33.50000,0,0,0,m/s^2
255,0,gyro,2901639112271,2901670766971,2918689885,2918689788,6684682,0,3,-0.01881,0.01526,-0.01384,nan,0,0,0,rad/s
256,0,accel,2901797406604,2901838747348,2918848045,2918848003,6946826,0,2,-0.12210,0.14365,-9.75577,33.50000,0,0,0,m/s^2
257,0,gyro,2901839131036,2901870797289,2918889421,2918889320,6684682,0,3,0.02166,0.00532,0.01810,nan,0,0,0,rad/s
258,0,accel,2902000058517,2902036778452,2919050014,2919049972,6946826,0,2,-0.11133,0.15801,-9.70011,33.50000,0,0,0,m/s^2
259,0,gyro,2902037134076,2902071660073,2919087452,2919087352,6684682,0,3,-0.01136,-0.00710,0.02095,nan,0,0,0,rad/s
260,0,accel,2902196837529,2902236654782,2919244494,2919244450,6946826,0,2,-0.11133,0.11312,-9.79348,33.50000,0,0,0,m/s^2
261,0,gyro,2902236868931,2902269905679,2919286977,2919286883,6684682,0,3,-0.00319,0.00284,0.01242,nan,0,0,0,rad/s
262,0,accel,2902400046030,2902438790074,2919448938,2919448894,6946826,0,2,-0.12210,0.12390,-9.77912,33.50000,0,0,0,m/s^2
263,0,gyro,2902439274405,2902470867568,2919489519,2919489416,6684682,0,3,-0.01952,0.00319,-0.00852,nan,0,0,0,rad/s
264,0,accel,2902599974296,2902638674595,2919649659,2919649612,6946826,0,2,-0.09516,0.10055,-9.78810,33.50000,0,0,0,m/s^2
265,0,gyro,2902639006058,2902671789968,2919689045,2919688947,6684682,0,3,-0.01881,0.00426,0.00248,nan,0,0,0,rad/s
266,0,accel,2902797020224,2902838744336,2919845421,2919845342,6946826,0,2,-0.11671,0.16160,-9.68754,33.50000,0,0,0,m/s^2
267,0,gyro,2902839001110,2902869793742,2919888661,2919888526,6684682,0,3,-0.00106,-0.00745,0.00497,nan,0,0,0,rad/s
268,0,accel,2902999996367,2903037685955,2920048650,2920048535,6946826,0,2,-0.16160,0.14724,-9.78271,33.37500,0,0,0,m/s^2
269,0,gyro,2903037848935,2903071826791,2920088107,2920088011,6684682,0,3,-0.00958,-0.00994,-0.00142,nan,0,0,0,rad/s
270,0,accel,2903200060252,2903237691087,2920249274,2920249233,6946826,0,2,-0.10055,0.13646,-9.77373,33.37500,0,0,0,m/s^2
271,0,gyro,2903237931924,2903271706896,2920287646,2920287542,6684682,0,3,-0.01810,-0.01136,-0.00213,nan,0,0,0,rad/s
272,0,accel,2903396959968,2903437711481,2920448754,2920448680,6946826,0,2,-0.13467,0.16160,-9.80426,33.37500,0,0,0,m/s^2
273,0,gyro,2903438192548,2903471861213,2920488727,2920488621,6684682,0,3,0.00071,0.01384,0.02059,nan,0,0,0,rad/s
274,0,accel,2903596920745,2903636712396,2920648181,2920648139,6946826,0,2,-0.12390,0.09696,-9.69293,33.37500,0,0,0,m/s^2
275,0,gyro,2903637098229,2903670784623,2920686703,2920686606,6684682,0,3,0.00674,0.01739,0.00852,nan,0,0,0,rad/s
276,0,accel,2903795930812,2903836745943,2920845135,2920845092,6946826,0,2,-0.14185,0.15083,-9.73782,33.37500,0,0,0,m/s^2
277,0,gyro,2903837060382,2903870801369,2920887746,2920887640,6684682,0,3,0.00958,-0.00213,-0.01420,nan,0,0,0,rad/s
278,0,accel,2903995938374,2904037100137,2921047071,2921047029,6946826,0,2,-0.12030,0.14185,-9.74320,33.37500,0,0,0,m/s^2
279,0,gyro,2904037317197,2904069844813,2921087266,2921087169,6684682,0,3,0.00355,-0.00887,-0.00887,nan,0,0,0,rad/s
280,0,accel,2904195933232,2904229807309,2921245276,2921245232,6946826,0,2,-0.11671,0.13287,-9.73423,33.37500,0,0,0,m/s^2
281,0,gyro,2904230010738,2904262189065,2921280799,2921280700,6684682,0,3,-0.00852,-0.00745,0.00958,nan,0,0,0,rad/s
282,0,accel,2904399997492,2904437792266,2921449716,2921449672,6946826,0,2,-0.10414,0.15263,-9.73423,33.37500,0,0,0,m/s^2
283,0,gyro,2904438080049,2904469867583,2921487836,2921487733,6684682,0,3,-0.00745,0.01455,-0.00497,nan,0,0,0,rad/s
284,0,accel,2904599972956,2904637744369,2921649192,2921649150,6946826,0,2,-0.11133,0.19572,-9.77014,33.37500,0,0,0,m/s^2
285,0,gyro,2904638041432,2904669811718,2921687361,2921687264,6684682,0,3,-0.00994,0.00745,0.01633,nan,0,0,0,rad/s
286,0,accel,2904795903912,2904831824308,2921843688,2921843645,6946826,0,2,-0.12749,0.09696,-9.72525,33.37500,0,0,0,m/s^2
287,0,gyro,2904831983223,2904869230689,2921882432,2921882296,6684682,0,3,-0.00781,0.00071,-0.00710,nan,0,0,0,rad/s
288,0,accel,2904995560744,2905037793251,2922045662,2922045618,6946826,0,2,-0.09876,0.14724,-9.73961,33.50000,0,0,0,m/s^2
289,0,gyro,2905038140042,2905069823414,2922087996,2922087828,6684682,0,3,0.00390,0.00639,-0.00106,nan,0,0,0,rad/s
290,0,accel,2905195936377,2905231834468,2922243887,2922243845,6946826,0,2,-0.08978,0.15263,-9.74500,33.50000,0,0,0,m/s^2
291,0,gyro,2905232059849,2905270815541,2922281504,2922281406,6684682,0,3,-0.00426,0.00497,0.00852,nan,0,0,0,rad/s
292,0,accel,2905395946016,2905438796904,2922444617,2922444572,6946826,0,2,-0.08798,0.20829,-9.77193,33.50000,0,0,0,m/s^2
293,0,gyro,2905439141264,2905476878660,2922488490,2922488392,6684682,0,3,0.01278,-0.00639,0.01917,nan,0,0,0,rad/s
294,0,accel,2905596950685,2905636893444,2922645353,2922645309,6946826,0,2,-0.15083,0.17417,-9.73602,33.50000,0,0,0,m/s^2
295,0,gyro,2905637500529,2905673430493,2922686591,2922686470,6684682,0,3,-0.00213,-0.00639,-0.00745,nan,0,0,0,rad/s
296,0,accel,2905799998120,2905839217887,2922848595,2922848528,6946826,0,2,-0.09876,0.07900,-9.75398,33.50000,0,0,0,m/s^2
297,0,gyro,2905839550438,2905872639154,2922889098,2922889002,6684682,0,3,-0.00532,0.01526,0.00852,nan,0,0,0,rad/s
298,0,accel,2905995954004,2906029861746,2923044307,2923044261,6946826,0,2,-0.16340,0.14544,-9.72166,33.50000,0,0,0,m/s^2
299,0,gyro,2906030107511,2906066778420,2923081086,2923080985,6684682,0,3,0.00106,-0.01810,-0.01242,nan,0,0,0,rad/s
300,0,accel,2906200088440,2906236884727,2923248766,2923248721,6946826,0,2,-0.17058,0.12210,-9.71447,33.50000,0,0,0,m/s^2
301,0,gyro,2906237185182,2906269902657,2923286660,2923286565,6684682,0,3,-0.01810,0.00248,-0.00603,nan,0,0,0,rad/s
302,0,accel,2906400045372,2906437048288,2923449548,2923449434,6946826,0,2,-0.11133,0.13467,-9.71268,33.50000,0,0,0,m/s^2
303,0,gyro,2906437263364,2906471842609,2923487652,2923487550,6684682,0,3,-0.02698,0.02379,-0.00106,nan,0,0,0,rad/s
304,0,accel,2906595962693,2906629900323,2923643976,2923643933,6946826,0,2,-0.15442,0.15622,-9.73782,33.50000,0,0,0,m/s^2
305,0,gyro,2906630255435,2906662559269,2923681181,2923681081,6684682,0,3,-0.01065,0.00142,0.00852,nan,0,0,0,rad/s
306,0,accel,2906797023329,2906838817393,2923844745,2923844643,6946826,0,2,-0.10235,0.14724,-9.77193,33.50000,0,0,0,m/s^2
307,0,gyro,2906839364222,2906871739193,2923889762,2923889613,6684682,0,3,0.00177,-0.00177,-0.01136,nan,0,0,0,rad/s
308,0,accel,2907000287216,2907037793055,2924049130,2924049085,6946826,0,2,-0.14724,0.12210,-9.77553,33.62500,0,0,0,m/s^2
309,0,gyro,2907037969955,2907071243091,2924087747,2924087645,6684682,0,3,0.01207,0.00994,-0.00603,nan,0,0,0,rad/s
310,0,accel,2907196323323,2907229927730,2924244833,2924244789,6946826,0,2,-0.15801,0.14185,-9.77373,33.62500,0,0,0,m/s^2
311,0,gyro,2907230412989,2907266790643,2924279820,2924279675,6684682,0,3,-0.00497,-0.00781,0.00887,nan,0,0,0,rad/s
312,0,accel,2907396994926,2907438817567,2924445540,2924445496,6946826,0,2,-0.10773,0.17417,-9.76655,33.62500,0,0,0,m/s^2
313,0,gyro,2907439291625,2907476898266,2924488313,2924488208,6684682,0,3,-0.03763,-0.01597,-0.00142,nan,0,0,0,rad/s
314,0,accel,2907600215386,2907637847084,2924648758,2924648716,6946826,0,2,-0.11851,0.10414,-9.75218,33.62500,0,0,0,m/s^2
315,0,gyro,2907638418073,2907670957943,2924687838,2924687740,6684682,0,3,0.00071,0.00035,0.01491,nan,0,0,0,rad/s
316,0,accel,2907796034143,2907831906601,2924844499,2924844453,6946826,0,2,-0.11312,0.16520,-9.71806,33.62500,0,0,0,m/s^2
317,0,gyro,2907832332211,2907867946647,2924881369,2924881270,6684682,0,3,0.00603,0.01668,-0.02485,nan,0,0,0,rad/s
318,0,accel,2907996034402,2908032057168,2925043989,2925043946,6946826,0,2,-0.11671,0.16160,-9.69472,33.50000,0,0,0,m/s^2
319,0,gyro,2908032428920,2908066856673,2925082407,2925082302,6684682,0,3,-0.00958,-0.01704,-0.01349,nan,0,0,0,rad/s
320,0,accel,2908197304514,2908231065053,2925244687,2925244644,6946826,0,2,-0.10773,0.08978,-9.75577,33.50000,0,0,0,m/s^2
321,0,gyro,2908231552168,2908265935152,2925280484,2925280333,6684682,0,3,-0.02201,0.00213,0.01597,nan,0,0,0,rad/s
322,0,accel,2908400148485,2908437911161,2925449116,2925449069,6946826,0,2,-0.07182,0.13467,-9.74679,33.50000,0,0,0,m/s^2
323,0,gyro,2908438316930,2908476928490,2925487469,2925487366,6684682,0,3,-0.00106,-0.00745,-0.01846,nan,0,0,0,rad/s
324,0,accel,2908596042378,2908631993429,2925643556,2925643514,6946826,0,2,-0.10594,0.11671,-9.79169,33.50000,0,0,0,m/s^2
325,0,gyro,2908632418815,2908668032482,2925682503,2925682397,6684682,0,3,-0.00248,0.00426,-0.00106,nan,0,0,0,rad/s
326,0,accel,2908797064290,2908836850628,2925845511,2925845464,6946826,0,2,-0.12569,0.15622,-9.80066,33.50000,0,0,0,m/s^2
327,0,gyro,2908837189068,2908870089907,2925886532,2925886429,6684682,0,3,0.00994,0.00745,-0.00958,nan,0,0,0,rad/s
328,0,accel,2909000218635,2909038050145,2926048701,2926048659,6946826,0,2,-0.11133,0.11133,-9.69831,33.50000,0,0,0,m/s^2
329,0,gyro,2909038515084,2909070052083,2926087560,2926087461,6684682,0,3,-0.00994,-0.00852,0.01242,nan,0,0,0,rad/s
330,0,accel,2909196321333,2909230968387,2926244430,2926244387,6946826,0,2,-0.10594,0.18315,-9.76475,33.50000,0,0,0,m/s^2
331,0,gyro,2909231401837,2909269116192,2926281104,2926280992,6684682,0,3,-0.00816,-0.00497,-0.00674,nan,0,0,0,rad/s
332,0,accel,2909396907363,2909431003556,2926445143,2926445099,6946826,0,2,-0.13108,0.15981,-9.76655,33.50000,0,0,0,m/s^2
333,0,gyro,2909431574609,2909468874906,2926482173,2926482070,6684682,0,3,-0.00958,0.00816,-0.01278,nan,0,0,0,rad/s
334,0,accel,2909600148396,2909637977025,2926649595,2926649551,6946826,0,2,-0.09516,0.11133,-9.72704,33.50000,0,0,0,m/s^2
335,0,gyro,2909638415339,2909670970986,2926687652,2926687555,6684682,0,3,0.00852,0.01704,0.00248,nan,0,0,0,rad/s
336,0,accel,2909796076304,2909829984909,2926844068,2926844025,6946826,0,2,-0.12569,0.14724,-9.73961,33.50000,0,0,0,m/s^2
337,0,gyro,2909830388438,2909862290086,2926879729,2926879633,6684682,0,3,-0.01526,0.01633,0.01846,nan,0,0,0,rad/s
338,0,accel,2909996189555,2910031084518,2927044809,2927044729,6946826,0,2,-0.13108,0.16520,-9.76655,33.37500,0,0,0,m/s^2
339,0,gyro,2910031390669,2910068954812,2927080722,2927080617,6684682,0,3,-0.00142,-0.00639,0.00000,nan,0,0,0,rad/s
340,0,accel,2910196197171,2910232086813,2927245549,2927245440,6946826,0,2,-0.11492,0.12928,-9.77912,33.37500,0,0,0,m/s^2
341,0,gyro,2910232319362,2910268277869,2927281745,2927281649,6684682,0,3,-0.01136,0.01491,0.00106,nan,0,0,0,rad/s
342,0,accel,2910400230797,2910436982538,2927448702,2927448659,6946826,0,2,-0.11671,0.17058,-9.73782,33.37500,0,0,0,m/s^2
343,0,gyro,2910437289329,2910471985599,2927487325,2927487228,6684682,0,3,-0.00390,0.01242,-0.00994,nan,0,0,0,rad/s
344,0,accel,2910597146086,2910631006977,2927645689,2927645644,6946826,0,2,-0.06105,0.13108,-9.79887,33.37500,0,0,0,m/s^2
345,0,gyro,2910631506189,2910668977818,2927680812,2927680712,6684682,0,3,0.00603,-0.00071,-0.01562,nan,0,0,0,rad/s
346,0,accel,2910797169253,2910838898066,2927845153,2927845109,6946826,0,2,-0.12928,0.17058,-9.69652,33.37500,0,0,0,m/s^2
347,0,gyro,2910839243354,2910873028084,2927889346,2927889245,6684682,0,3,0.02272,-0.01029,0.00177,nan,0,0,0,rad/s
348,0,accel,2911000254441,2911037928602,2928049608,2928049562,6946826,0,2,-0.13826,0.17058,-9.80066,33.50000,0,0,0,m/s^2
349,0,gyro,2911038276162,2911072512742,2928087419,2928087323,6684682,0,3,0.01207,0.01739,0.02272,nan,0,0,0,rad/s
350,0,accel,2911196170411,2911232149943,2928244090,2928244047,6946826,0,2,-0.15083,0.13287,-9.67497,33.50000,0,0,0,m/s^2
351,0,gyro,2911232467422,2911271987641,2928282454,2928282354,6684682,0,3,0.00142,0.01420,0.00497,nan,0,0,0,rad/s
352,0,accel,2911397222752,2911432093746,2928444802,2928444761,6946826,0,2,-0.10953,0.19033,-9.74141,33.50000,0,0,0,m/s^2
353,0,gyro,2911432364184,2911469914823,2928481934,2928481838,6684682,0,3,0.01917,0.00355,-0.00390,nan,0,0,0,rad/s
354,0,accel,2911600221601,2911636947005,2928649254,2928649211,6946826,0,2,-0.13108,0.11851,-9.77014,33.50000,0,0,0,m/s^2
355,0,gyro,2911637235683,2911671157440,2928687517,2928687418,6684682,0,3,0.00106,0.01704,-0.00603,nan,0,0,0,rad/s
356,0,accel,2911796119681,2911831077877,2928843714,2928843672,6946826,0,2,-0.11133,0.13646,-9.74500,33.50000,0,0,0,m/s^2
357,0,gyro,2911831541792,2911869942689,2928881034,2928880901,6684682,0,3,0.00426,0.00461,0.00071,nan,0,0,0,rad/s
358,0,accel,2911995409518,2912030196798,2929043155,2929043113,6946826,0,2,-0.08978,0.13287,-9.76116,33.37500,0,0,0,m/s^2
359,0,gyro,2912030639528,2912067194336,2929080535,2929080433,6684682,0,3,-0.01029,0.00745,0.02521,nan,0,0,0,rad/s
360,0,accel,2912196164316,2912231965507,2929243839,2929243797,6946826,0,2,-0.12928,0.12390,-9.71088,33.37500,0,0,0,m/s^2
361,0,gyro,2912232336619,2912270201697,2929281563,2929281464,6684682,0,3,-0.00497,-0.01526,0.00568,nan,0,0,0,rad/s
362,0,accel,2912400344694,2912437171188,2929449513,2929449469,6946826,0,2,-0.08798,0.19393,-9.78271,33.37500,0,0,0,m/s^2
363,0,gyro,2912437442138,2912471962596,2929487095,2929486997,6684682,0,3,0.02130,-0.00213,0.00000,nan,0,0,0,rad/s
364,0,accel,2912597154921,2912631075334,2929645245,2929645180,6946826,0,2,-0.16879,0.08439,-9.76655,33.37500,0,0,0,m/s^2
365,0,gyro,2912631577777,2912671044362,2929680624,2929680527,6684682,0,3,0.00000,0.01704,-0.00568,nan,0,0,0,rad/s
366,0,accel,2912800321900,2912838986931,2929849659,2929849614,6946826,0,2,-0.10594,0.10594,-9.70909,33.37500,0,0,0,m/s^2
367,0,gyro,2912839510431,2912871175305,2929889162,2929889060,6684682,0,3,-0.01988,-0.00994,-0.01739,nan,0,0,0,rad/s
368,0,accel,2912996232203,2913032021937,2930044095,2930044052,6946826,0,2,-0.10235,0.14185,-9.72704,33.50000,0,0,0,m/s^2
369,0,gyro,2913032267319,2913067740118,2930082738,2930082637,6684682,0,3,0.00213,0.03160,0.02343,nan,0,0,0,rad/s
370,0,accel,2913196169925,2913230272901,2930244782,2930244739,6946826,0,2,-0.12210,0.14185,-9.74320,33.50000,0,0,0,m/s^2
371,0,gyro,2913230716495,2913262067410,2930279223,2930279122,6684682,0,3,-0.02272,0.00071,-0.01100,nan,0,0,0,rad/s
372,0,accel,2913396157759,2913431062929,2930444333,2930444177,6946826,0,2,-0.14185,0.17597,-9.75039,33.50000,0,0,0,m/s^2
373,0,gyro,2913431349815,2913470002558,2930480297,2930480200,6684682,0,3,0.00781,0.01384,-0.00958,nan,0,0,0,rad/s
374,0,accel,2913598179750,2913632102306,2930646149,2930646106,6946826,0,2,-0.12749,0.14185,-9.69472,33.50000,0,0,0,m/s^2
375,0,gyro,2913632643598,2913670035961,2930684284,2930684185,6684682,0,3,-0.00213,0.00958,-0.02024,nan,0,0,0,rad/s
376,0,accel,2913796175602,2913831100901,2930844337,2930844292,6946826,0,2,-0.10235,0.09696,-9.72704,33.50000,0,0,0,m/s^2
377,0,gyro,2913831517743,2913872042047,2930880812,2930880716,6684682,0,3,0.01455,-0.00248,0.01029,nan,0,0,0,rad/s
378,0,accel,2914000298985,2914037110150,2931048775,2931048730,6946826,0,2,-0.09876,0.11851,-9.71088,33.50000,0,0,0,m/s^2
379,0,gyro,2914037586161,2914071626224,2931086344,2931086249,6684682,0,3,-0.00355,-0.02059,-0.01065,nan,0,0,0,rad/s
380,0,accel,2914196793108,2914236999453,2931246973,2931246931,6946826,0,2,-0.15263,0.14365,-9.75577,33.50000,0,0,0,m/s^2
381,0,gyro,2914237277028,2914272045779,2931287380,2931287280,6684682,0,3,-0.01597,0.01704,-0.02450,nan,0,0,0,rad/s
382,0,accel,2914397777858,2914439005923,2931447672,2931447629,6946826,0,2,-0.10953,0.13287,-9.70909,33.50000,0,0,0,m/s^2
383,0,gyro,2914439211239,2914472083212,2931488409,2931488312,6684682,0,3,-0.00071,0.00816,-0.02308,nan,0,0,0,rad/s
384,0,accel,2914597234094,2914639007131,2931644628,2931644586,6946826,0,2,-0.08080,0.13826,-9.76475,33.50000,0,0,0,m/s^2
385,0,gyro,2914639324994,2914671126702,2931689444,2931689343,6684682,0,3,0.01278,0.00355,-0.01491,nan,0,0,0,rad/s
386,0,accel,2914800249930,2914839036148,2931849074,2931849031,6946826,0,2,-0.12210,0.14185,-9.75398,33.50000,0,0,0,m/s^2
387,0,gyro,2914839374299,2914871099206,2931888975,2931888875,6684682,0,3,0.01491,-0.00745,0.01810,nan,0,0,0,rad/s
388,0,accel,2914996790036,2915038179352,2932047291,2932047250,6946826,0,2,-0.08798,0.12749,-9.69831,33.50000,0,0,0,m/s^2
389,0,gyro,2915038747653,2915070406190,2932088522,2932088406,6684682,0,3,-0.00923,-0.00710,-0.01739,nan,0,0,0,rad/s
390,0,accel,2915195957274,2915238133263,2932245499,2932245457,6946826,0,2,-0.11312,0.13467,-9.74500,33.50000,0,0,0,m/s^2
391,0,gyro,2915238616890,2915271404541,2932288179,2932287984,6684682,0,3,0.00923,-0.01207,0.01242,nan,0,0,0,rad/s
392,0,accel,2915398310758,2915437151248,2932446204,2932446160,6946826,0,2,-0.12390,0.06105,-9.73063,33.50000,0,0,0,m/s^2
393,0,gyro,2915437452247,2915470275994,2932487572,2932487470,6684682,0,3,0.00071,0.00532,-0.01207,nan,0,0,0,rad/s
394,0,accel,2915596386769,2915631192000,2932644471,2932644367,6946826,0,2,-0.11851,0.12390,-9.74320,33.50000,0,0,0,m/s^2
395,0,gyro,2915631401925,2915669760613,2932681096,2932680999,6684682,0,3,-0.01242,0.02663,0.01207,nan,0,0,0,rad/s
396,0,accel,2915797235578,2915832994591,2932845093,2932845051,6946826,0,2,-0.09696,0.11671,-9.70909,33.50000,0,0,0,m/s^2
397,0,gyro,2915833433289,2915868816614,2932883639,2932883531,6684682,0,3,-0.00887,0.00745,-0.00532,nan,0,0,0,rad/s
398,0,accel,2915996221562,2916030117365,2933044572,2933044490,6946826,0,2,-0.12030,0.11312,-9.73782,33.50000,0,0,0,m/s^2
399,0,gyro,2916030352570,2916067072213,2933080165,2933080062,6684682,0,3,-0.00319,-0.03018,-0.01313,nan,0,0,0,rad/s
400,0,accel,2916196327411,2916230426515,2933243983,2933243941,6946826,0,2,-0.15801,0.13646,-9.71447,33.50000,0,0,0,m/s^2
401,0,gyro,2916230838908,2916262161789,2933279694,2933279593,6684682,0,3,-0.01526,0.00461,0.00035,nan,0,0,0,rad/s
402,0,accel,2916396617167,2916433037826,2933444794,2933444644,6946826,0,2,-0.17956,0.18315,-9.76475,33.50000,0,0,0,m/s^2
403,0,gyro,2916433557038,2916469048173,2933483728,2933483625,6684682,0,3,0.00532,0.00106,0.00994,nan,0,0,0,rad/s
404,0,accel,2916597346708,2916636570439,2933645394,2933645349,6946826,0,2,-0.13826,0.14903,-9.72704,33.50000,0,0,0,m/s^2
405,0,gyro,2916636908270,2916671641404,2933686254,2933686157,6684682,0,3,-0.01846,-0.02592,-0.01242,nan,0,0,0,rad/s
406,0,accel,2916800334796,2916838158143,2933848602,2933848559,6946826,0,2,-0.17597,0.17597,-9.79348,33.50000,0,0,0,m/s^2
407,0,gyro,2916838555624,2916871250728,2933888792,2933888690,6684682,0,3,-0.01384,0.01349,0.01881,nan,0,0,0,rad/s
408,0,accel,2916997298429,2917030159360,2934045563,2934045519,6946826,0,2,-0.10594,0.07721,-9.65881,33.50000,0,0,0,m/s^2
409,0,gyro,2917030400006,2917071195580,2934079320,2934079221,6684682,0,3,0.01952,0.00106,-0.01242,nan,0,0,0,rad/s
410,0,accel,2917197256305,2917230224791,2934244997,2934244947,6946826,0,2,-0.12569,0.13467,-9.73961,33.50000,0,0,0,m/s^2
411,0,gyro,2917230707522,2917270122072,2934280348,2934280250,6684682,0,3,-0.00603,0.01029,0.00568,nan,0,0,0,rad/s
412,0,accel,2917396330352,2917432149654,2934444428,2934444383,6946826,0,2,-0.15622,0.15622,-9.78271,33.50000,0,0,0,m/s^2
413,0,gyro,2917432696514,2917469554975,2934481418,2934481282,6684682,0,3,0.01846,0.00461,0.02947,nan,0,0,0,rad/s
414,0,accel,2917596268226,2917633079006,2934643882,2934643838,6946826,0,2,-0.07721,0.15622,-9.71447,33.50000,0,0,0,m/s^2
415,0,gyro,2917633322051,2917669091944,2934682415,2934682313,6684682,0,3,0.00461,0.01420,-0.00213,nan,0,0,0,rad/s
416,0,accel,2917800421170,2917839105561,2934849578,2934849534,6946826,0,2,-0.15083,0.12030,-9.70190,33.50000,0,0,0,m/s^2
417,0,gyro,2917839548451,2917872387173,2934889447,2934889349,6684682,0,3,-0.00355,0.00532,-0.02095,nan,0,0,0,rad/s
418,0,accel,2917995400117,2918031212154,2935042799,2935042757,6946826,0,2,-0.11492,0.13108,-9.71268,33.50000,0,0,0,m/s^2
419,0,gyro,2918031632932,2918068127193,2935081477,2935081376,6684682,0,3,0.01029,-0.00461,0.01029,nan,0,0,0,rad/s
420,0,accel,2918197315603,2918232259173,2935244762,2935244719,6946826,0,2,-0.11133,0.10953,-9.73423,33.50000,0,0,0,m/s^2
421,0,gyro,2918232555884,2918267100917,2935282510,2935282408,6684682,0,3,-0.00035,0.00213,-0.00213,nan,0,0,0,rad/s
422,0,accel,2918395362329,2918432200886,2935442968,2935442925,6946826,0,2,-0.10055,0.11492,-9.73961,33.50000,0,0,0,m/s^2
423,0,gyro,2918432527005,2918467295275,2935482039,2935481939,6684682,0,3,-0.00142,-0.02059,0.00816,nan,0,0,0,rad/s
424,0,accel,2918600408349,2918637359708,2935648658,2935648617,6946826,0,2,-0.09157,0.13108,-9.75937,33.50000,0,0,0,m/s^2
425,0,gyro,2918637902184,2918671244214,2935687569,2935687471,6684682,0,3,-0.00639,-0.02308,-0.00816,nan,0,0,0,rad/s
426,0,accel,2918797317705,2918831251268,2935845641,2935845596,6946826,0,2,-0.12030,0.11851,-9.74141,33.50000,0,0,0,m/s^2
427,0,gyro,2918831691950,2918870120718,2935881147,2935881048,6684682,0,3,0.03657,0.02272,0.01917,nan,0,0,0,rad/s
428,0,accel,2918997300378,2919039136743,2936045097,2936045054,6946826,0,2,-0.13287,0.17238,-9.71806,33.37500,0,0,0,m/s^2
429,0,gyro,2919039483023,2919072260016,2936089640,2936089534,6684682,0,3,-0.00852,0.02485,0.01100,nan,0,0,0,rad/s
430,0,accel,2919195405537,2919239187354,2936245821,2936245779,6946826,0,2,-0.13108,0.13826,-9.76475,33.37500,0,0,0,m/s^2
431,0,gyro,2919239603011,2919271212202,2936289224,2936289065,6684682,0,3,0.00568,0.00887,-0.00213,nan,0,0,0,rad/s
432,0,accel,2919396316423,2919432242510,2936444029,2936443986,6946826,0,2,-0.12210,0.17058,-9.80426,33.37500,0,0,0,m/s^2
433,0,gyro,2919432551925,2919468150581,2936482696,2936482596,6684682,0,3,-0.01065,-0.01242,-0.00994,nan,0,0,0,rad/s
434,0,accel,2919600438003,2919637627671,2936648471,2936648423,6946826,0,2,-0.10953,0.11851,-9.71806,33.37500,0,0,0,m/s^2
435,0,gyro,2919638219461,2919672208961,2936686728,2936686628,6684682,0,3,-0.01029,-0.01455,0.01171,nan,0,0,0,rad/s
436,0,accel,2919800428643,2919838188724,2936849159,2936849116,6946826,0,2,-0.10594,0.14185,-9.68215,33.37500,0,0,0,m/s^2
437,0,gyro,2919838656511,2919873317546,2936887761,2936887659,6684682,0,3,0.01171,0.01029,0.00710,nan,0,0,0,rad/s
438,0,accel,2919996351000,2920032333921,2937044864,2937044819,6946826,0,2,-0.09876,0.12928,-9.71447,33.37500,0,0,0,m/s^2
439,0,gyro,2920032620775,2920069278463,2937081331,2937081236,6684682,0,3,-0.01207,-0.00355,0.00745,nan,0,0,0,rad/s
440,0,accel,2920197410560,2920231284601,2937245540,2937245495,6946826,0,2,-0.07003,0.08798,-9.72704,33.37500,0,0,0,m/s^2
441,0,gyro,2920231499838,2920268245560,2937280817,2937280721,6684682,0,3,-0.00958,-0.02308,0.02237,nan,0,0,0,rad/s
442,0,accel,2920397483505,2920431289192,2937444993,2937444950,6946826,0,2,-0.12030,0.12390,-9.73782,33.37500,0,0,0,m/s^2
443,0,gyro,2920431534542,2920468188485,2937480352,2937480252,6684682,0,3,0.00000,0.00390,-0.01633,nan,0,0,0,rad/s
444,0,accel,2920597405053,2920630304225,2937644528,2937644412,6946826,0,2,-0.14365,0.11492,-9.75398,33.37500,0,0,0,m/s^2
445,0,gyro,2920630556454,2920667586855,2937679881,2937679783,6684682,0,3,0.00426,-0.00071,-0.00923,nan,0,0,0,rad/s
446,0,accel,2920797543823,2920831306022,2937845192,2937845132,6946826,0,2,-0.08080,0.15801,-9.74859,33.37500,0,0,0,m/s^2
447,0,gyro,2920831893651,2920870250129,2937880912,2937880815,6684682,0,3,0.03479,0.00426,-0.02769,nan,0,0,0,rad/s
448,0,accel,2920997615263,2921037214777,2938045981,2938045845,6946826,0,2,-0.12390,0.15801,-9.71088,33.50000,0,0,0,m/s^2
449,0,gyro,2921037562817,2921070370114,2938087946,2938087847,6684682,0,3,-0.00497,0.00319,0.01029,nan,0,0,0,rad/s
450,0,accel,2921196394546,2921230302156,2938244086,2938244044,6946826,0,2,-0.12928,0.17776,-9.73063,33.50000,0,0,0,m/s^2
451,0,gyro,2921230754743,2921268338083,2938279975,2938279877,6684682,0,3,-0.02272,-0.00248,-0.00497,nan,0,0,0,rad/s
452,0,accel,2921396408192,2921431403826,2938443578,2938443497,6946826,0,2,-0.12749,0.09696,-9.75039,33.50000,0,0,0,m/s^2
453,0,gyro,2921431606423,2921467179318,2938481087,2938480909,6684682,0,3,0.00177,0.02343,-0.00852,nan,0,0,0,rad/s
454,0,accel,2921597496230,2921637193186,2938645476,2938645429,6946826,0,2,-0.12390,0.09337,-9.69652,33.50000,0,0,0,m/s^2
455,0,gyro,2921637454919,2921671344961,2938686595,2938686488,6684682,0,3,-0.01775,-0.00035,0.00674,nan,0,0,0,rad/s
456,0,accel,2921795661066,2921830349813,2938843691,2938843644,6946826,0,2,-0.08619,0.10414,-9.74320,33.50000,0,0,0,m/s^2
457,0,gyro,2921830916738,2921862337987,2938880068,2938879971,6684682,0,3,-0.01278,0.01739,-0.00142,nan,0,0,0,rad/s
458,0,accel,2921997388413,2922038384758,2939048138,2939048076,6946826,0,2,-0.13467,0.15622,-9.79528,33.37500,0,0,0,m/s^2
459,0,gyro,2922038944131,2922071515647,2939088607,2939088504,6684682,0,3,0.00816,0.00497,0.00852,nan,0,0,0,rad/s
460,0,accel,2922196491350,2922232361404,2939245080,2939245037,6946826,0,2,-0.11851,0.12030,-9.72166,33.37500,0,0,0,m/s^2
461,0,gyro,2922232785382,2922268229186,2939282129,2939282034,6684682,0,3,-0.02059,0.00319,-0.00248,nan,0,0,0,rad/s
462,0,accel,2922395404202,2922431317520,2939443291,2939443246,6946826,0,2,-0.16879,0.10414,-9.72884,33.37500,0,0,0,m/s^2
463,0,gyro,2922431687449,2922467200342,2939481712,2939481612,6684682,0,3,-0.03550,-0.00248,-0.01171,nan,0,0,0,rad/s
464,0,accel,2922596402700,2922632309394,2939644008,2939643964,6946826,0,2,-0.10414,0.11492,-9.74320,33.37500,0,0,0,m/s^2
465,0,gyro,2922632576024,2922669230767,2939682703,2939682597,6684682,0,3,0.00923,0.01313,0.00816,nan,0,0,0,rad/s
466,0,accel,2922797520528,2922839229401,2939848453,2939848411,6946826,0,2,-0.08619,0.11851,-9.71986,33.37500,0,0,0,m/s^2
467,0,gyro,2922839524224,2922882298912,2939889732,2939889631,6684682,0,3,0.00284,0.00603,0.01100,nan,0,0,0,rad/s
468,0,accel,2922996512901,2923039291814,2940044168,2940044125,6946826,0,2,-0.09157,0.15801,-9.75937,33.37500,0,0,0,m/s^2
469,0,gyro,2923039761136,2923072580049,2940089301,2940089207,6684682,0,3,-0.01065,0.00142,0.03941,nan,0,0,0,rad/s
470,0,accel,2923195582620,2923239268913,2940243613,2940243568,6946826,0,2,-0.10235,0.11312,-9.70190,33.37500,0,0,0,m/s^2
471,0,gyro,2923239711643,2923272365432,2940288791,2940288691,6684682,0,3,-0.00461,0.00816,-0.02627,nan,0,0,0,rad/s
472,0,accel,2923395538533,2923432380704,2940443074,2940443032,6946826,0,2,-0.11133,0.17058,-9.81323,33.37500,0,0,0,m/s^2
473,0,gyro,2923432662342,2923468628878,2940482318,2940482222,6684682,0,3,-0.01420,0.01810,-0.01704,nan,0,0,0,rad/s
474,0,accel,2923597729056,2923636988049,2940647526,2940647485,6946826,0,2,-0.13826,0.07003,-9.69113,33.37500,0,0,0,m/s^2
475,0,gyro,2923637354138,2923671293300,2940686349,2940686254,6684682,0,3,0.00887,0.01917,0.00461,nan,0,0,0,rad/s
476,0,accel,2923796453709,2923830387047,2940844494,2940844448,6946826,0,2,-0.08619,0.11671,-9.76116,33.37500,0,0,0,m/s^2
477,0,gyro,2923830647821,2923862363957,2940879880,2940879784,6684682,0,3,-0.00994,-0.00071,0.00461,nan,0,0,0,rad/s
478,0,accel,2923995671814,2924032299804,2941042687,2941042644,6946826,0,2,-0.11671,0.12749,-9.71806,33.50000,0,0,0,m/s^2
479,0,gyro,2924032661444,2924070213007,2941082411,2941082316,6684682,0,3,0.00035,0.00887,0.00497,nan,0,0,0,rad/s
480,0,accel,2924196465665,2924232556172,2941245870,2941245825,6946826,0,2,-0.10055,0.16520,-9.75937,33.50000,0,0,0,m/s^2
481,0,gyro,2924233125464,2924269431399,2941281992,2941281893,6684682,0,3,-0.01952,-0.00461,-0.03586,nan,0,0,0,rad/s
482,0,accel,2924396444554,2924431465532,2941444052,2941444009,6946826,0,2,-0.11133,0.18495,-9.74859,33.50000,0,0,0,m/s^2
483,0,gyro,2924431765026,2924472422195,2941481479,2941481378,6684682,0,3,0.00177,0.00284,0.00816,nan,0,0,0,rad/s
484,0,accel,2924597541355,2924631383170,2941645964,2941645921,6946826,0,2,-0.11133,0.12749,-9.76655,33.50000,0,0,0,m/s^2
485,0,gyro,2924631660456,2924666266257,2941681010,2941680909,6684682,0,3,0.00745,0.00745,-0.00710,nan,0,0,0,rad/s
486,0,accel,2924797469329,2924832725897,2941845396,2941845352,6946826,0,2,-0.11671,0.11492,-9.73782,33.50000,0,0,0,m/s^2
487,0,gyro,2924832948654,2924870301972,2941882087,2941881987,6684682,0,3,-0.01597,-0.01952,-0.01739,nan,0,0,0,rad/s
488,0,accel,2924995472813,2925032304104,2942043600,2942043554,6946826,0,2,-0.10235,0.14724,-9.75577,33.50000,0,0,0,m/s^2
489,0,gyro,2925032595918,2925068307760,2942081573,2942081471,6684682,0,3,0.00390,-0.00284,0.00248,nan,0,0,0,rad/s
490,0,accel,2925196514509,2925232183149,2942244289,2942244244,6946826,0,2,-0.12749,0.16520,-9.73602,33.50000,0,0,0,m/s^2
491,0,gyro,2925232569590,2925270364006,2942282601,2942282503,6684682,0,3,0.01278,0.02450,-0.02272,nan,0,0,0,rad/s
492,0,accel,2925395521182,2925432476443,2942443740,2942443695,6946826,0,2,-0.12749,0.12390,-9.75577,33.50000,0,0,0,m/s^2
493,0,gyro,2925432895940,2925467331913,2942482180,2942482081,6684682,0,3,0.01384,-0.00284,-0.01029,nan,0,0,0,rad/s
494,0,accel,2925595517220,2925631202853,2942643254,2942643158,6946826,0,2,-0.08260,0.16340,-9.72345,33.50000,0,0,0,m/s^2
495,0,gyro,2925631444394,2925662438114,2942681670,2942681566,6684682,0,3,-0.00994,-0.00426,0.00710,nan,0,0,0,rad/s
496,0,accel,2925796671109,2925831451697,2942843905,2942843864,6946826,0,2,-0.07003,0.06823,-9.70011,33.50000,0,0,0,m/s^2
497,0,gyro,2925831722455,2925866364801,2942881197,2942881097,6684682,0,3,-0.01100,0.00284,-0.03124,nan,0,0,0,rad/s
498,0,accel,2925997545920,2926031442136,2943044687,2943044564,6946826,0,2,-0.11671,0.16520,-9.76116,33.50000,0,0,0,m/s^2
499,0,gyro,2926031890242,2926067488321,2943080729,2943080628,6684682,0,3,-0.01739,0.00781,-0.01668,nan,0,0,0,rad/s
500,0,accel,2926195523193,2926233556462,2943242814,2943242772,6946826,0,2,-0.11492,0.18495,-9.73602,33.50000,0,0,0,m/s^2
501,0,gyro,2926234085370,2926268345883,2943283262,2943283159,6684682,0,3,-0.00497,0.00497,-0.00603,nan,0,0,0,rad/s
502,0,accel,2926396602839,2926430479823,2943443540,2943443478,6946826,0,2,-0.13108,0.10773,-9.77912,33.50000,0,0,0,m/s^2
503,0,gyro,2926431081820,2926466401876,2943479864,2943479736,6684682,0,3,0.03302,-0.01384,-0.01136,nan,0,0,0,rad/s
504,0,accel,2926598087869,2926638381061,2943647953,2943647912,6946826,0,2,-0.11312,0.11671,-9.72345,33.50000,0,0,0,m/s^2
505,0,gyro,2926638942418,2926672503522,2943688321,2943688222,6684682,0,3,0.00390,-0.02734,-0.00213,nan,0,0,0,rad/s
506,0,accel,2926797619128,2926831698804,2943844908,2943844866,6946826,0,2,-0.13467,0.12210,-9.67138,33.50000,0,0,0,m/s^2
507,0,gyro,2926832217760,2926862430342,2943880349,2943880252,6684682,0,3,-0.01207,-0.00319,0.01491,nan,0,0,0,rad/s
508,0,accel,2926995546575,2927031644312,2944043114,2944043070,6946826,0,2,-0.14544,0.04668,-9.69113,33.37500,0,0,0,m/s^2
509,0,gyro,2927032142948,2927062466028,2944081387,2944081284,6684682,0,3,-0.00603,-0.00852,0.02734,nan,0,0,0,rad/s
510,0,accel,2927196669485,2927231071889,2944243797,2944243755,6946826,0,2,-0.13108,0.14724,-9.78989,33.37500,0,0,0,m/s^2
511,0,gyro,2927231419481,2927266514924,2944279420,2944279315,6684682,0,3,-0.00958,0.00390,-0.00461,nan,0,0,0,rad/s
512,0,accel,2927397459651,2927437357922,2944444482,2944444441,6946826,0,2,-0.11851,0.09516,-9.73782,33.37500,0,0,0,m/s^2
513,0,gyro,2927437746954,2927470506633,2944486446,2944486347,6684682,0,3,0.01491,-0.00248,-0.00532,nan,0,0,0,rad/s
514,0,accel,2927596537010,2927637916882,2944647652,2944647610,6946826,0,2,-0.13467,0.11492,-9.73782,33.37500,0,0,0,m/s^2
515,0,gyro,2927638420957,2927672443128,2944687531,2944687425,6684682,0,3,0.01278,-0.01633,-0.00639,nan,0,0,0,rad/s
516,0,accel,2927797619406,2927830628850,2944844606,2944844563,6946826,0,2,-0.15622,0.15083,-9.72166,33.37500,0,0,0,m/s^2
517,0,gyro,2927831179582,2927868056057,2944879516,2944879408,6684682,0,3,-0.01313,0.00142,0.00461,nan,0,0,0,rad/s
518,0,accel,2927996334069,2928032492320,2945046533,2945046489,6946826,0,2,-0.08619,0.14365,-9.70370,33.37500,0,0,0,m/s^2
519,0,gyro,2928032831815,2928071617613,2945082036,2945081940,6684682,0,3,0.00284,-0.00355,0.00710,nan,0,0,0,rad/s
520,0,accel,2928196271863,2928239909322,2945245978,2945245937,6946826,0,2,-0.12210,0.10773,-9.79348,33.37500,0,0,0,m/s^2
521,0,gyro,2928240218448,2928276496446,2945289077,2945288972,6684682,0,3,0.00852,-0.01881,0.02308,nan,0,0,0,rad/s
522,0,accel,2928396620418,2928430478168,2945444168,2945444125,6946826,0,2,-0.13826,0.09696,-9.75398,33.37500,0,0,0,m/s^2
523,0,gyro,2928430686973,2928462506502,2945479602,2945479502,6684682,0,3,-0.01278,-0.00461,-0.00532,nan,0,0,0,rad/s
524,0,accel,2928595602637,2928632435622,2945643620,2945643575,6946826,0,2,-0.14544,0.06823,-9.66779,33.37500,0,0,0,m/s^2
525,0,gyro,2928632807343,2928667697245,2945682130,2945682033,6684682,0,3,-0.00142,-0.04367,0.00497,nan,0,0,0,rad/s
526,0,accel,2928795595919,2928832458665,2945843055,2945843013,6946826,0,2,-0.11312,0.13108,-9.72525,33.37500,0,0,0,m/s^2
527,0,gyro,2928833026870,2928869437446,2945881744,2945881565,6684682,0,3,0.00603,0.00994,-0.00639,nan,0,0,0,rad/s
528,0,accel,2928995648178,2929032483628,2946043748,2946043706,6946826,0,2,-0.12030,0.14006,-9.73961,33.50000,0,0,0,m/s^2
529,0,gyro,2929032962902,2929070127447,2946081195,2946081096,6684682,0,3,-0.01491,-0.01207,-0.02024,nan,0,0,0,rad/s
530,0,accel,2929197987433,2929239151683,2946248172,2946248130,6946826,0,2,-0.09696,0.13826,-9.70909,33.50000,0,0,0,m/s^2
531,0,gyro,2929239516972,2929272542543,2946288223,2946288128,6684682,0,3,0.00071,-0.00035,0.00532,nan,0,0,0,rad/s
532,0,accel,2929397645474,2929431504761,2946445112,2946445068,6946826,0,2,-0.12210,0.08798,-9.81503,33.50000,0,0,0,m/s^2
533,0,gyro,2929431872481,2929467512479,2946480302,2946480204,6684682,0,3,-0.02379,0.00000,-0.01491,nan,0,0,0,rad/s
534,0,accel,2929596820944,2929637457823,2946647062,2946647019,6946826,0,2,-0.08978,0.12390,-9.68574,33.50000,0,0,0,m/s^2
535,0,gyro,2929637750949,2929671465209,2946687287,2946687190,6684682,0,3,-0.00071,-0.00568,0.00923,nan,0,0,0,rad/s
536,0,accel,2929796615628,2929839514861,2946844011,2946843961,6946826,0,2,-0.08798,0.19931,-9.75937,33.50000,0,0,0,m/s^2
537,0,gyro,2929840144283,2929872620563,2946889830,2946889723,6684682,0,3,-0.01562,0.00816,0.01384,nan,0,0,0,rad/s
538,0,accel,2929997712517,2930040591526,2947045947,2947045903,6946826,0,2,-0.11133,0.13467,-9.75039,33.25000,0,0,0,m/s^2
539,0,gyro,2930041042288,2930077500641,2947090853,2947090753,6684682,0,3,-0.01562,0.02414,-0.00177,nan,0,0,0,rad/s
540,0,accel,2930195788603,2930232553779,2947246631,2947246585,6946826,0,2,-0.08439,0.15622,-9.70729,33.25000,0,0,0,m/s^2
541,0,gyro,2930232880154,2930268504888,2947281381,2947281283,6684682,0,3,-0.00177,0.00745,-0.01775,nan,0,0,0,rad/s
542,0,accel,2930396662830,2930430650279,2947443571,2947443527,6946826,0,2,-0.12928,0.14903,-9.69293,33.25000,0,0,0,m/s^2
543,0,gyro,2930431082065,2930466438953,2947479411,2947479314,6684682,0,3,-0.00958,0.00923,-0.00674,nan,0,0,0,rad/s
544,0,accel,2930597661987,2930637464383,2947648001,2947647958,6946826,0,2,-0.10594,0.17597,-9.74320,33.25000,0,0,0,m/s^2
545,0,gyro,2930637964810,2930671552250,2947687995,2947687893,6684682,0,3,0.00071,0.03160,-0.00213,nan,0,0,0,rad/s
546,0,accel,2930796636076,2930839635343,2947847446,2947847402,6946826,0,2,-0.10055,0.17597,-9.70011,33.25000,0,0,0,m/s^2
547,0,gyro,2930839946997,2930872533071,2947888973,2947888877,6684682,0,3,0.01278,0.00284,-0.00213,nan,0,0,0,rad/s
548,0,accel,2930997667554,2931039540683,2948045621,2948045577,6946826,0,2,-0.11133,0.12210,-9.67317,33.37500,0,0,0,m/s^2
549,0,gyro,2931040103352,2931072561295,2948088560,2948088408,6684682,0,3,-0.00177,-0.00532,-0.00532,nan,0,0,0,rad/s
550,0,accel,2931197661633,2931232734930,2948245069,2948245026,6946826,0,2,-0.14724,0.08439,-9.73243,33.37500,0,0,0,m/s^2
551,0,gyro,2931233055545,2931266775468,2948282041,2948281939,6684682,0,3,0.00852,-0.00071,-0.01029,nan,0,0,0,rad/s
552,0,accel,2931395922648,2931432689007,2948445769,2948445727,6946826,0,2,-0.10594,0.13467,-9.72166,33.37500,0,0,0,m/s^2
553,0,gyro,2931433073335,2931471048554,2948481567,2948481470,6684682,0,3,0.00177,0.00994,0.01739,nan,0,0,0,rad/s
554,0,accel,2931596691654,2931631022407,2948643965,2948643924,6946826,0,2,-0.11671,0.09337,-9.66060,33.37500,0,0,0,m/s^2
555,0,gyro,2931631284909,2931666484321,2948679597,2948679501,6684682,0,3,-0.00568,0.00710,-0.00923,nan,0,0,0,rad/s
556,0,accel,2931797679034,2931831090886,2948844671,2948844602,6946826,0,2,-0.10235,0.13646,-9.72704,33.37500,0,0,0,m/s^2
557,0,gyro,2931831419437,2931866473470,2948880682,2948880580,6684682,0,3,-0.02556,0.00816,-0.02024,nan,0,0,0,rad/s
558,0,accel,2931996156917,2932032606661,2949046582,2949046535,6946826,0,2,-0.11851,0.16160,-9.74859,33.37500,0,0,0,m/s^2
559,0,gyro,2932033043823,2932073114352,2949081659,2949081563,6684682,0,3,-0.00497,0.00745,0.00887,nan,0,0,0,rad/s
560,0,accel,2932198554889,2932232615107,2949246021,2949245978,6946826,0,2,-0.11492,0.19213,-9.76834,33.37500,0,0,0,m/s^2
561,0,gyro,2932232998636,2932270992606,2949284205,2949284095,6684682,0,3,-0.01349,0.00106,-0.01313,nan,0,0,0,rad/s
562,0,accel,2932397896566,2932431586152,2949445495,2949445402,6946826,0,2,-0.10055,0.16879,-9.72525,33.37500,0,0,0,m/s^2
563,0,gyro,2932431844462,2932470800150,2949480767,2949480672,6684682,0,3,0.00284,0.01100,0.00106,nan,0,0,0,rad/s
564,0,accel,2932596048681,2932632108784,2949643634,2949643589,6946826,0,2,-0.15622,0.16160,-9.77732,33.37500,0,0,0,m/s^2
565,0,gyro,2932632462904,2932667506344,2949681761,2949681657,6684682,0,3,-0.00532,0.01136,-0.00071,nan,0,0,0,rad/s
566,0,accel,2932795735262,2932831656578,2949845573,2949845527,6946826,0,2,-0.10773,0.10414,-9.76655,33.37500,0,0,0,m/s^2
567,0,gyro,2932831968009,2932868462746,2949881283,2949881187,6684682,0,3,-0.00035,-0.01917,-0.00355,nan,0,0,0,rad/s
568,0,accel,2932996717264,2933031608381,2950043752,2950043710,6946826,0,2,-0.09337,0.15442,-9.73602,33.50000,0,0,0,m/s^2
569,0,gyro,2933031880323,2933067611362,2950080866,2950080765,6684682,0,3,-0.00497,-0.02485,0.01171,nan,0,0,0,rad/s
570,0,accel,2933197785892,2933232322153,2950245682,2950245637,6946826,0,2,-0.08619,0.07362,-9.67138,33.50000,0,0,0,m/s^2
571,0,gyro,2933232763827,2933269880113,2950281847,2950281750,6684682,0,3,-0.01597,0.00710,-0.01881,nan,0,0,0,rad/s
572,0,accel,2933395721104,2933430684959,2950442625,2950442583,6946826,0,2,-0.13646,0.18136,-9.73961,33.50000,0,0,0,m/s^2
573,0,gyro,2933431129033,2933462622121,2950479877,2950479781,6684682,0,3,-0.00071,0.00852,0.01562,nan,0,0,0,rad/s
574,0,accel,2933596525149,2933639537663,2950644568,2950644525,6946826,0,2,-0.02873,0.10235,-9.78989,33.50000,0,0,0,m/s^2
575,0,gyro,2933639981001,2933672631556,2950688462,2950688360,6684682,0,3,0.01775,-0.00639,0.01029,nan,0,0,0,rad/s
576,0,accel,2933797709490,2933832631199,2950845254,2950845210,6946826,0,2,-0.12928,0.10594,-9.74320,33.50000,0,0,0,m/s^2
577,0,gyro,2933833032168,2933871554470,2950881941,2950881843,6684682,0,3,0.00639,0.00106,-0.01100,nan,0,0,0,rad/s
578,0,accel,2933996734518,2934032648442,2951044715,2951044670,6946826,0,2,-0.10773,0.11492,-9.75039,33.50000,0,0,0,m/s^2
579,0,gyro,2934032995138,2934071535648,2951081475,2951081374,6684682,0,3,0.00710,0.00284,0.02343,nan,0,0,0,rad/s
580,0,accel,2934196929429,2934231891203,2951244193,2951244141,6946826,0,2,-0.08619,0.14365,-9.68036,33.50000,0,0,0,m/s^2
581,0,gyro,2934232218475,2934266534794,2951281052,2951280952,6684682,0,3,0.00923,-0.00532,0.00106,nan,0,0,0,rad/s
582,0,accel,2934397731649,2934432681006,2951444883,2951444841,6946826,0,2,-0.13287,0.14185,-9.76655,33.50000,0,0,0,m/s^2
583,0,gyro,2934433057111,2934469674281,2951482036,2951481937,6684682,0,3,-0.01739,0.00461,-0.01846,nan,0,0,0,rad/s
584,0,accel,2934595732493,2934630850110,2951643182,2951643055,6946826,0,2,-0.08619,0.11133,-9.76655,33.50000,0,0,0,m/s^2
585,0,gyro,2934631094308,2934672570467,2951680066,2951679968,6684682,0,3,0.00639,0.00071,-0.04012,nan,0,0,0,rad/s
586,0,accel,2934796855999,2934830805718,2951843785,2951843743,6946826,0,2,-0.14006,0.14185,-9.73423,33.50000,0,0,0,m/s^2
587,0,gyro,2934830992922,2934861809771,2951879595,2951879498,6684682,0,3,-0.00745,0.01420,0.00213,nan,0,0,0,rad/s
588,0,accel,2934997835374,2935031888551,2952044533,2952044447,6946826,0,2,-0.13287,0.11851,-9.71986,33.37500,0,0,0,m/s^2
589,0,gyro,2935032381586,2935067644999,2952080635,2952080530,6684682,0,3,-0.01597,-0.00035,0.00355,nan,0,0,0,rad/s
590,0,accel,2935196159649,2935232841493,2952243943,2952243898,6946826,0,2,-0.11492,0.14724,-9.72884,33.37500,0,0,0,m/s^2
591,0,gyro,2935233319200,2935271950976,2952281657,2952281561,6684682,0,3,0.01633,0.01420,0.01029,nan,0,0,0,rad/s
592,0,accel,2935397421877,2935436945257,2952447137,2952447086,6946826,0,2,-0.10594,0.06284,-9.74141,33.37500,0,0,0,m/s^2
593,0,gyro,2935437182062,2935472614822,2952485691,2952485593,6684682,0,3,0.00142,-0.00213,0.00887,nan,0,0,0,rad/s
594,0,accel,2935597794165,2935630703637,2952645337,2952645293,6946826,0,2,-0.05925,0.20829,-9.76834,33.37500,0,0,0,m/s^2
595,0,gyro,2935630926906,2935670895127,2952679220,2952679123,6684682,0,3,0.00497,-0.01029,0.02130,nan,0,0,0,rad/s
596,0,accel,2935797142238,2935833281542,2952844804,2952844757,6946826,0,2,-0.11133,0.18315,-9.78630,33.37500,0,0,0,m/s^2
597,0,gyro,2935833800209,2935872101993,2952883247,2952883155,6684682,0,3,-0.01029,0.01242,0.00816,nan,0,0,0,rad/s
598,0,accel,2935997255256,2936033184347,2953044265,2953044223,6946826,0,2,-0.12569,0.12749,-9.77912,33.50000,0,0,0,m/s^2
599,0,gyro,2936033528931,2936068693749,2953082799,2953082686,6684682,0,3,0.00284,-0.00532,-0.00923,nan,0,0,0,rad/s
600,0,accel,2936197791259,2936232720392,2953244967,2953244914,6946826,0,2,-0.11312,0.13467,-9.71268,33.50000,0,0,0,m/s^2
601,0,gyro,2936233086704,2936269622465,2953282411,2953282217,6684682,0,3,0.00532,0.00461,-0.01668,nan,0,0,0,rad/s
602,0,accel,2936395791749,2936431621925,2953443214,2953443119,6946826,0,2,-0.11312,0.14006,-9.69293,33.50000,0,0,0,m/s^2
603,0,gyro,2936432126545,2936471644036,2953481843,2953481747,6684682,0,3,0.01491,0.00887,0.00248,nan,0,0,0,rad/s
604,0,accel,2936596790961,2936632732884,2953643859,2953643815,6946826,0,2,-0.13108,0.14006,-9.72166,33.50000,0,0,0,m/s^2
605,0,gyro,2936633006714,2936667641888,2953681421,2953681325,6684682,0,3,-0.00390,0.00958,0.01526,nan,0,0,0,rad/s
606,0,accel,2936796824135,2936839661861,2953844560,2953844515,6946826,0,2,-0.18136,0.11312,-9.70190,33.50000,0,0,0,m/s^2
607,0,gyro,2936840157264,2936872865419,2953888408,2953888311,6684682,0,3,0.01242,0.01171,-0.00568,nan,0,0,0,rad/s
