input_line,t_ref_us,x_m,y_m,range_fit_rms_m
91,11742000,0.702334826088842,1.8001320112032406,0.0027983468967704515
94,11767000,0.7022667089811228,1.799022745406992,0.0016230293176875885
97,11792000,0.703985044298761,1.7926776448193742,0.00229866089726854
100,11817000,0.6961900935881823,1.8061608247510876,0.002186849134093767
103,11842000,0.6965701217540424,1.7969968325910106,0.003933191535923911
106,11867000,0.7045221566422265,1.8018292497669444,0.000989295832957505
109,11892000,0.7028686517680417,1.801568774514208,0.0022596626308273283
112,11917000,0.6981616880369055,1.8005165989639413,0.0019887091006739084
115,11942000,0.7008953738254599,1.8030064371495973,0.0031045044609642643
118,11967000,0.6969496242174318,1.8028821429968598,0.0014247237904290511
121,11992000,0.6941103971608529,1.8025600538210953,0.003163203436992342
124,12017000,0.6955357214366213,1.798265007458004,0.004076738220822136
127,12042000,0.7064383861100327,1.7946675034066302,0.001346381095783075
130,12067000,0.7027000546080878,1.8048740826004483,0.005854217321894323
133,12092000,0.7027563854395347,1.8031477517642802,0.003219890701250919
136,12117000,0.7039989535613496,1.7947230837813275,0.002318948723072672
139,12142000,0.7022551528267543,1.8004420373152152,0.0038521844107011656
142,12167000,0.6936108019174608,1.7957688283757656,0.0020463778931693838
145,12192000,0.7046067024860693,1.8031445402318453,0.0016334021952671104
148,12217000,0.7015799780358956,1.801500457853993,0.0011235386503008356
151,12242000,0.7098602525852085,1.8011339450952064,0.0026388623918657448
154,12267000,0.6992571536064457,1.8010681496605496,0.0051419304583402705
157,12292000,0.7006804958586428,1.8023965636116182,0.0018135351402613757
160,12317000,0.7018654673387119,1.8028156734263732,0.0027881470964258707
163,12342000,0.6958227913077809,1.8029962623029059,0.002631743077981675
166,12367000,0.6965715292739628,1.7958112793423187,0.005595964764255061
169,12392000,0.7072703863295535,1.7971536247587008,0.004100564083342225
172,12417000,0.6966145263739048,1.7964269202774792,0.002269516327772414
175,12442000,0.6963909753604264,1.8034187919868614,0.0025909886603067028
178,12467000,0.6978310055143425,1.8012543316013883,0.004306066643688151
181,12492000,0.7003864330459315,1.800467743226203,0.0008650188291679418
184,12517000,0.7014420676744373,1.8032017627617551,0.0009160602109499645
187,12542000,0.7024104698367784,1.8031479267909873,0.0016565185011191798
190,12567000,0.7019536879461259,1.8020471518579142,0.0015677550787508779
193,12592000,0.6962997986385092,1.7972745295311916,0.003725586441245631
196,12617000,0.6976491994454411,1.8041648765706915,0.0028766541000924202
199,12642000,0.697734994576463,1.7954105518559589,0.004822070102950039
202,12667000,0.7057306414064309,1.798574641720942,0.0011484752568189365
205,12692000,0.7003561393964344,1.79712856439431,0.005623264073028552
208,12717000,0.6964515766778403,1.80439259584505,0.003978447810550702
211,12742000,0.6991707924381165,1.8000284014626595,0.0048391522735829594
214,12767000,0.6980200889633598,1.7992055873062023,0.001120496715083061
217,12792000,0.699981809064504,1.79864442754008,0.0005464357681846064
220,12817000,0.7039507976054893,1.8062079053186784,0.004328977587231431
223,12842000,0.7007268107986568,1.7909699704316513,0.002254570502281698
226,12867000,0.6972833823924125,1.7965792321905374,0.0037803922411111294
229,12892000,0.7010022979817677,1.8025069533709943,0.002277787711523685
232,12917000,0.694923709686567,1.799059360940518,0.003404257670476645
235,12942000,0.702491472030912,1.8004935617697886,0.0036805332184777126
238,12967000,0.6998703410829836,1.8002197319871607,0.005181163441533671
241,12992000,0.6980024480306172,1.8065551038614143,0.0023120809553754057
244,13017000,0.7012966909662001,1.7973333619506018,0.002848212569614282
247,13042000,0.7021173158047317,1.7993425219711399,0.00569230740494031
250,13067000,0.6970247827131809,1.8040323580580588,0.0029642712495866036
253,13092000,0.7052261449623041,1.8016574247429318,0.0063729791276850595
256,13117000,0.7032442681838122,1.7944373248041718,0.0037955064376711764
259,13142000,0.7034148653612428,1.80108189753686,0.0015723036128583957
262,13167000,0.7038335309254361,1.7994165664941466,0.0020346753258938255
265,13192000,0.6964201650572389,1.8044203500687144,0.0024539352280345604
268,13217000,0.6926866170072028,1.7982484901234896,0.001585204974744566
271,13242000,0.6987372891985444,1.8015279354332496,0.0022193232169659223
274,13267000,0.6998469537906071,1.8038603904880783,0.001270676743945651
277,13292000,0.7071987969768994,1.8027145481172508,0.0010221487294531204
280,13317000,0.7007514809031875,1.7942289029761007,0.004231269436515164
283,13342000,0.6992500352125918,1.7987856907233104,0.004917431334507152
286,13367000,0.6961291534863604,1.8002377038957955,0.002105708989785983
289,13392000,0.705933475040271,1.7903833994414668,0.0006049535338192602
292,13417000,0.6945687453929933,1.797728694143872,0.003242685227017357
295,13442000,0.6984703419920352,1.797624711728179,0.0060461363256972
298,13467000,0.6988279865842774,1.7954695997707362,0.004300906592655967
301,13492000,0.7068959182524526,1.7978958987577416,0.0006011827015396635
304,13517000,0.70017960969041,1.7908257484372274,0.0008187320136892765
307,13542000,0.7039273489827956,1.7966037593180586,0.004074769192963692
310,13567000,0.7027605717262742,1.7984533308842874,0.0017922670903682898
313,13592000,0.7011336970816725,1.8059334944217245,0.0038400600298028084
316,13617000,0.697191297912252,1.8000690299402173,0.0031613893916769315
319,13642000,0.702392147262665,1.8030486262339978,0.001175991633097944
322,13667000,0.7022541210299601,1.8003782535866018,0.0033081161217472298
325,13692000,0.705382315200676,1.799158607994936,0.005036763047311997
328,13717000,0.7010308485186661,1.8015102425601701,0.00039408107816805955
331,13742000,0.7043449775471491,1.7995979522374523,0.0021899259196911003
334,13767000,0.6986430902693718,1.8005793233163148,0.0015898574621757218
337,13792000,0.6991103666161302,1.7999091478294704,0.0006775692519568686
340,13817000,0.6979215018726841,1.7987071152919696,0.001253828315307535
343,13842000,0.6976460528746219,1.7995295182614457,0.003041788681219956
346,13867000,0.6984793770733233,1.8077942673039236,0.0047471151279605715
349,13892000,0.702648036967691,1.7933006363288901,0.002395920824333824
352,13917000,0.6976678624265065,1.8063086123452656,0.004240113754742435
355,13942000,0.6984799240819259,1.797687453064679,0.0017739746868144393
358,13967000,0.6984456228322283,1.7957732794934982,0.0007624468627029186
361,13992000,0.7037727623036455,1.80076119174763,0.0017908020707397532
364,14017000,0.7053345421732196,1.8021404083035646,0.0025950517784777112
367,14042000,0.701026893073261,1.8037736485315328,0.005957658062674429
370,14067000,0.699877095091205,1.7994435604154,0.002798228113136758
373,14092000,0.6951062627970858,1.7965531072032037,0.0012080011560516456
376,14117000,0.7012898788573985,1.7997803622482076,0.002966002212765969
379,14142000,0.6956439721127815,1.80489229594102,0.003257500117179223
382,14167000,0.7047280828791975,1.8003139559540178,0.00460298431284638
385,14192000,0.7024413626600328,1.7995433346243435,0.004728129642078372
388,14217000,0.6984772960716475,1.8027497720351586,0.004817758060751762
391,14242000,0.7030456157160848,1.798295073261901,0.0023152082138871324
394,14267000,0.7033831721820093,1.7974181096332988,0.0016575562000624745
397,14292000,0.703597719734598,1.7998572086504956,0.0010251578587182105
400,14317000,0.6959220833950779,1.7927575541147787,0.003575477516621614
403,14342000,0.7007959912740228,1.7969431357894419,0.0040925755385662465
406,14367000,0.7026990597141454,1.804793283851908,0.0037390667160326256
409,14392000,0.7022290021471407,1.8007363335700162,0.0021602949330996935
412,14417000,0.6987478898619578,1.802771038105293,0.0020052438751645
415,14442000,0.7016205355489865,1.8048478505632843,0.0009067093546223916
418,14467000,0.7051316889168497,1.802880352005681,0.0037150830487918556
421,14492000,0.6962771753364254,1.7983839331772362,0.0063739725473548345
424,14517000,0.695419044360972,1.7988492952706612,0.0015849169865981808
427,14542000,0.6960149112059797,1.8042997085099728,0.004916166449233453
430,14567000,0.7000923877859173,1.7993771753310872,0.0014960318887459368
433,14592000,0.6981984283814137,1.7991615978220739,0.0051010930215046844
436,14617000,0.7063416073262391,1.7932883402465858,0.002835620534832482
439,14642000,0.7025197539655837,1.8103080758723091,0.00150060574986885
442,14667000,0.6974155833301445,1.8038639883414855,0.005346736095983868
445,14692000,0.7008859768222376,1.8015236973827975,0.001565045099427468
448,14717000,0.6995737679947625,1.794958738644003,0.005537602798769649
451,14742000,0.695083255724497,1.804393959978114,0.004274993943745323
454,14767000,0.7021025105244252,1.7999980336937702,0.0009161308737589279
457,14792000,0.7022225209047768,1.7917058305807032,0.0023355576162889676
460,14817000,0.6985300377970536,1.8053152765376985,0.001176908239544266
463,14842000,0.7028858103306417,1.7978782706282208,0.0036603865384424975
466,14867000,0.6961351450595571,1.8065584072811607,0.004583755456898911
469,14892000,0.7042288433652703,1.8005442648902628,0.004690586399569045
472,14917000,0.7043561526150423,1.7985225050055196,0.0011850902165686742
475,14942000,0.7026820705421138,1.798747652015851,0.005169227258001425
478,14967000,0.7027537029241557,1.8082363863315798,0.0014636943717755467
481,14992000,0.7026586422574789,1.8017420434744804,0.006610300055634777
484,15017000,0.6976385373067777,1.7995879215013415,0.0005584053472820649
487,15042000,0.6993938166616092,1.8020797323248983,0.002880126732635005
490,15067000,0.7044750976322854,1.800372046272123,0.0030532291213467965
493,15092000,0.7027173748095776,1.8038202668444878,0.003983631124866433
496,15117000,0.6975621682880127,1.7998274025297623,0.0025884894784048732
499,15142000,0.7021556056838588,1.7958404438156292,0.0061349646260427035
502,15167000,0.6978890579604293,1.8026828619913753,0.0042533418074867085
505,15192000,0.7067758804499457,1.8003632392133717,0.005065196901048044
508,15217000,0.7039115335855176,1.8016962281642246,0.0046021987710347535
511,15242000,0.7016061643110163,1.8037250527186792,0.001772004219482802
514,15267000,0.6985217203891492,1.798173033892095,0.004951579710642757
517,15292000,0.7045813942053022,1.800505535484376,0.002734896731472852
520,15317000,0.7000683803630727,1.8079098592043343,0.003586049210987086
523,15342000,0.7018013053662003,1.8069782063954027,0.0028084529162053047
526,15367000,0.6950534610495347,1.8003677985119706,0.0017114985857887928
529,15392000,0.6954749800134763,1.8022645530923667,0.004163435434059969
532,15417000,0.7028108786576672,1.8028525509976243,0.004329460551580402
535,15442000,0.6984288019591587,1.8002372033633913,0.0009589623143722606
538,15467000,0.7023572968815133,1.7964578869894468,0.0034253024120148665
541,15492000,0.7062766159339178,1.8009963695774487,0.0002687211579706541
544,15517000,0.6946348523332377,1.8074899948677983,0.005582505021023441
547,15542000,0.6925676660324241,1.8044091415456902,0.0008858387381004024
550,15567000,0.6996051670076655,1.8048457581523158,0.002156259880990393
553,15592000,0.7037073349503457,1.804340165792662,0.004075010689631105
556,15617000,0.6977019246071309,1.8007007830167188,0.002952891503016175
559,15642000,0.7044045864743378,1.796783002376301,0.003493098916621107
562,15667000,0.7035381702093569,1.7945214541797918,0.0007365916354015363
565,15692000,0.6994637744898207,1.7977628041220448,0.0034323603451631777
568,15717000,0.7026665387157771,1.8001051937566646,0.0019294984717205836
571,15742000,0.7009796688020334,1.7995521560034171,0.002114716337300458
574,15767000,0.6981616381421145,1.7993108606936639,0.0040881817654945755
577,15792000,0.7054326672755443,1.8024505543543903,0.00521322084588448
580,15817000,0.7039903978302274,1.803418974594372,0.00638091364814751
583,15842000,0.69949585860545,1.7998695449692834,0.003005093432783667
586,15867000,0.7098172022773683,1.79913654306246,0.002268610994744205
589,15892000,0.7046130326869016,1.7985967634785565,0.0006021612208568303
592,15917000,0.6967538933094525,1.7942292035152385,0.002077865057081916
595,15942000,0.699353039241186,1.801971529198033,0.0025496237814257193
598,15967000,0.6999454540296818,1.7994004046642142,0.0005647152774106623
601,15992000,0.7043665376626864,1.8013912156513276,0.0014398229926753773
604,16017000,0.7020032474805064,1.7950013152239843,0.004101655485718456
607,16042000,0.7009666067027783,1.8019843794477648,0.0034205017954861434
610,16067000,0.6999471939792731,1.8044721052723538,0.0033710475158838307
613,16092000,0.7023693024428997,1.8017311608320163,0.002707145298181282
616,16117000,0.7075357946689831,1.7995471894237316,0.0060570908229208515
619,16142000,0.7079926306894956,1.8018807771123795,0.002108800608086838
622,16167000,0.6959016391599645,1.7960103743427809,0.0027517329947839434
625,16192000,0.7036128243345635,1.7978910376927058,0.0010572142051539035
628,16217000,0.6945270070414707,1.807137104812012,0.0024995694286589036
631,16242000,0.7048282604459294,1.8003698351955557,0.0018377947062505312
634,16267000,0.700243884948961,1.810219332232218,0.003014069762106716
637,16292000,0.7001941136920204,1.8019147138540696,0.004030963090001063
640,16317000,0.7029778976783677,1.802411883122198,0.0037469452481614434
643,16342000,0.6980976900368437,1.7974772955392933,0.004455323881165034
646,16367000,0.699296723277211,1.7963512339242502,0.004340969146479854
649,16392000,0.7111180969917896,1.7964606757291182,0.0026999042461595636
652,16417000,0.6998049541736457,1.7982053160147875,0.0007541050914732631
655,16442000,0.7081618622783823,1.8005448666736255,0.003050873093229362
658,16467000,0.6999546857382402,1.8000567976149737,0.00341576756400489
661,16492000,0.6993142249244346,1.7964849684072675,0.008537867393465966
664,16517000,0.7005039330719077,1.805917529971096,0.005606320066975458
667,16542000,0.702706598685352,1.7972033991957768,0.0006134757472187166
670,16567000,0.6988017773446119,1.7994929996255724,0.0036338090099021086
673,16592000,0.6988268387700625,1.8003354069191024,0.0025798765185834683
676,16617000,0.6934588077531971,1.8013234886936225,0.001888506591047294
679,16642000,0.6995709469490126,1.7991048473483557,0.0024383015842773985
682,16667000,0.7029516746493509,1.8077349241474854,0.0035835597493350923
685,16692000,0.7010245548943097,1.8004972828514678,0.004425099795227909
688,16717000,0.6978679221946883,1.802868230835769,0.004538823223292741
691,16742000,0.6989656352962844,1.8014710756741261,0.0053846318096780225
694,16767000,0.6982993226561434,1.7998774153033914,0.0033690637303956167
697,16792000,0.7042280402351825,1.8043732323450263,0.004831882033319539
700,16817000,0.7053330848567851,1.8052742213491828,0.0005263973467749402
703,16842000,0.700359387890819,1.8038254856616804,0.0010888135407595783
706,16867000,0.7060680826129239,1.8026737550953689,0.001503048930861653
709,16892000,0.7061339830684249,1.8012202788357643,0.005277594877516612
712,16917000,0.6995149232413292,1.7979477571641758,0.0014410984752487395
715,16942000,0.7011130930433453,1.7993637652775498,0.0029829629460508002
718,16967000,0.6994901582413505,1.7976102887698227,0.005009589131414044
721,16992000,0.6989563604778262,1.8022897358708971,0.004625696161822253
724,17017000,0.7055351501157144,1.8021926937975399,0.002396544333698389
727,17042000,0.6984600452043944,1.7982247869981653,0.0029810625212440176
730,17067000,0.6963602990203689,1.7983385923957598,0.001019560104422868
733,17092000,0.7064412169436447,1.80175510883657,0.001520297530754108
736,17117000,0.697594031624233,1.8059107399155994,0.0028315589168293304
739,17142000,0.7001307647139753,1.7987984447843037,0.0015826082317224029
742,17167000,0.6949334454881712,1.7993770631566632,0.006198699565114464
745,17192000,0.6999798600877918,1.7958682266436328,0.002364425556781225
748,17217000,0.7012097811245377,1.7935366597694269,0.002797782390663947
751,17242000,0.7041146201893785,1.8048107505825417,0.005674272269698499
754,17267000,0.6992307090668303,1.7957122579774478,0.0030247494911351098
757,17292000,0.6963522693093366,1.8020626266200213,0.00604146565044265
760,17317000,0.7037523241208481,1.7983666116441632,0.0019865744674912936
763,17342000,0.6967172747237452,1.80223162955332,0.00031974003100048327
766,17367000,0.7051171720261724,1.8016561868972252,0.0074573907683256465
769,17392000,0.6981560881854001,1.7988176426225824,0.004462648715081434
772,17417000,0.6950232508000241,1.7961390082342272,0.0011017564603022932
775,17442000,0.7004720920619856,1.805141290851642,0.005048760730792966
778,17467000,0.6909096498754246,1.7992256639098052,0.003035981472464169
781,17492000,0.698911445440935,1.8053082740133963,0.004131658090728193
784,17517000,0.6972798618926149,1.7978929347337054,0.0038027454492144197
787,17542000,0.7006670820940711,1.7977330191986645,0.0027875862804077646
790,17567000,0.7069811438317067,1.797413594068658,0.002563675700809781
793,17592000,0.7055794466552916,1.7988640637091184,0.0053432233591947705
796,17617000,0.6945559743645549,1.8029808216109207,0.003345725304149754
799,17642000,0.6968020435351595,1.8029892441053894,0.0032254550318815364
802,17667000,0.6996430225157031,1.8028766345592,0.0056059796121653155
805,17692000,0.6972456345085659,1.795315013687566,0.0007541431600317407
808,17717000,0.7010297518926449,1.8030823033790109,0.0028834239276758246
811,17742000,0.7065314942594868,1.798667869859424,0.005243117997205222
814,17767000,0.6935496774488793,1.7931251111317483,0.0024380770473661677
817,17792000,0.6978280017094188,1.800264598422413,0.0031319673157753887
820,17817000,0.7006398719957116,1.800938979146411,0.003682145958104206
823,17842000,0.7003217306229738,1.7937177252673635,0.0018484113834289523
826,17867000,0.6984949643825292,1.8068607830524774,0.001954942630899802
829,17892000,0.7029575667591828,1.796038532546719,0.0047641415538481995
832,17917000,0.6878878504112395,1.8002386016126486,0.004161985723727976
835,17942000,0.6977669595942947,1.8047428307733335,0.0027465953269819633
838,17967000,0.6865633050907823,1.7939216276425514,0.004144725333286202
841,17992000,0.6983127009189702,1.8011040857303242,0.005963257880908305
844,18017000,0.7043162192584058,1.801120055763235,0.0069086333150569145
847,18042000,0.6984670429972413,1.7930393327574625,0.002688951839058296
850,18067000,0.7005164229696687,1.8016370603586713,0.004156902712579041
853,18092000,0.6994375536885374,1.7956302724080815,0.004534225191303738
856,18117000,0.7049393414460822,1.80370906920043,0.0031379726844540726
859,18142000,0.6981849494620666,1.8070958100067762,0.0053462472134491795
862,18167000,0.6986696136852291,1.8007928343190762,0.0021629519864082816
865,18192000,0.7075868219487386,1.7997554903808917,0.0036040077443014328
868,18217000,0.7029685759985784,1.7984752062069176,0.0040130402613588806
871,18242000,0.6966024339130801,1.7935324382152633,0.0021427787910275266
874,18267000,0.7080858068249786,1.7983717627174576,0.0036218799161186433
877,18292000,0.6972854927996408,1.810123299063741,0.0019401830181275392
880,18317000,0.7024515812043112,1.799807113792727,0.004113366581399824
883,18342000,0.7044104513250763,1.7976743296754842,0.005937869830923125
886,18367000,0.705198203856549,1.7920622341814008,0.0032522004994278296
889,18392000,0.7038051646495345,1.8002835620355955,0.0017260184494994758
892,18417000,0.700967817730536,1.8050552904963357,0.0015426414592132132
895,18442000,0.6971933680311813,1.793511262435828,0.00544379749021615
898,18467000,0.7041279394621888,1.8021981664576963,0.003057016519640888
901,18492000,0.698135074424728,1.801355221457764,0.002270428812500354
904,18517000,0.6996659939040052,1.79891087202127,0.005268843230307459
907,18542000,0.7030014224834134,1.795073839509303,0.006903910344528593
910,18567000,0.6976680980939698,1.8012682399757312,0.0059025113000509485
913,18592000,0.7040222131939774,1.8024820972629478,0.0022988374264553153
916,18617000,0.6929783669272911,1.8026418395225978,0.004041159656592572
919,18642000,0.7001558926247127,1.801196017547008,0.002687903280869991
922,18667000,0.7037425710007797,1.791814961855832,0.007954103669086244
925,18692000,0.7047939418353744,1.7987690528336775,0.003636915052138385
928,18717000,0.701336132899753,1.8043215076908663,0.00252114591285787
931,18742000,0.707909753650469,1.8017136660162685,0.002398991860058156
934,18767000,0.7097458418865827,1.7981189436315503,0.0031433777513984493
937,18792000,0.7000608166960643,1.8035456168213064,0.00620315338502992
940,18817000,0.7001280030415121,1.8065523820225657,0.0016746937080188806
943,18842000,0.7011975187417488,1.8025248044931415,0.002176851370591039
946,18867000,0.7022572118293513,1.8080777187498906,0.001618503662210485
949,18892000,0.7004812159087211,1.8033496517368715,0.001283931760600802
952,18917000,0.6958821082799195,1.79898605317896,0.004323462518130064
955,18942000,0.70050967866652,1.7956269649158043,0.005377074122746556
958,18967000,0.6989488563390902,1.804543181107141,0.0008409646340055848
961,18992000,0.6999865287910109,1.7968193604490823,0.00524108552767793
964,19017000,0.7032230467024119,1.8002337881146309,0.0034636452600443866
967,19042000,0.7025276666373407,1.7946796026799936,0.0028203323425906165
970,19067000,0.7014242019165061,1.8027147820092972,0.0020756068629063087
973,19092000,0.7024875182710749,1.7981686125381253,0.006592375165449148
976,19117000,0.6978235686308913,1.8008213596286626,0.0037704733255043317
979,19142000,0.6996625311324173,1.7942497715493342,0.0020668411987808766
982,19167000,0.7007027169032717,1.7973326650241261,0.0026780586382745162
985,19192000,0.6963058199956461,1.8021200053657778,0.0019125086896743255
988,19217000,0.7036674695767844,1.792658575667876,0.002240781086932047
991,19242000,0.7002633658331983,1.7969241963119387,0.0007890149970660733
994,19267000,0.6950829944626957,1.8012771067025934,0.0030458125547299483
997,19292000,0.7055865254632514,1.8025815928217521,0.00453026929664538
1000,19317000,0.7013078832158735,1.7998247570077779,0.0013214163469520124
1003,19342000,0.7014014714676847,1.7955111261746097,0.0024203748570749287
1006,19367000,0.6989612258582817,1.7968793178194482,0.003257264029572238
1009,19392000,0.6970360303747674,1.804763256939452,0.0022741658649991733
1012,19417000,0.7027646667499267,1.7961322100526678,0.005849494290028762
1015,19442000,0.7097534436680434,1.798092020499834,0.0016950392786961018
1018,19467000,0.7043546920516282,1.8023291064968334,0.004867162778853795
1021,19492000,0.7003806772544423,1.8054197039600628,0.001385655003589515
1024,19517000,0.7080590417226655,1.7960990703990232,0.0018013116766738462
1027,19542000,0.6954483810501159,1.8001086731668368,0.0014802769888090162
1030,19567000,0.694225595953532,1.8030902209805335,0.00349356637989114
1033,19592000,0.7004407528301441,1.7992088545944256,0.0030544137237421966
1036,19617000,0.7055457601110805,1.8034089258237793,0.003979447832100325
1039,19642000,0.7085949707769692,1.802853882886062,0.0024113910889530152
1042,19667000,0.6941321840298149,1.803625748840494,0.003220849251912375
1045,19692000,0.6971700603452872,1.800043027145973,0.006213824048414179
1048,19717000,0.6965975747157521,1.7994995517007768,0.004088590874983466
1051,19742000,0.7019983746401153,1.7926760043504546,0.003332322582417938
1054,19767000,0.7065044151488907,1.803507558562139,0.0009251331751199552
1057,19792000,0.7043088567255594,1.795565388168375,0.004089832835888529
1060,19817000,0.6994645090993138,1.8038719432024448,0.0050790585941271026
1063,19842000,0.6993230459454084,1.8034197312386828,0.004312147066143745
1066,19867000,0.6988165373183071,1.7987942729378144,0.003350123986092648
1069,19892000,0.696926073947683,1.8068550759189328,0.0015913735884091971
1072,19917000,0.6995751554900197,1.8046309705728447,0.0024434408539387035
1075,19942000,0.7072523088650738,1.7934680372205591,0.001451237969663183
1078,19967000,0.7023575389506338,1.7986353687078342,0.005606709514673735
1081,19992000,0.697882842674914,1.7999056160417453,0.006923279270267112
1084,20017000,0.7074108256397433,1.7944033861156705,0.002001352025345059
1087,20042000,0.693610657421359,1.8021915456027406,0.0010563304314124863
1090,20067000,0.6979852136472805,1.8004550509514166,0.005588738997914861
1093,20092000,0.6964878710007677,1.8027628337101698,0.005353045446816125
1096,20117000,0.6983250709775931,1.7963415297327276,0.004505156295057126
1099,20142000,0.6979761718246984,1.8021443500763275,0.002169938068355436
1102,20167000,0.6998698098124223,1.7987052939195471,0.002553783026411133
1105,20192000,0.7038924613893263,1.8038952581514094,0.0017527737922878165
1108,20217000,0.7002698861446544,1.7982433526571713,0.0034360157654668593
1111,20242000,0.6985235029225619,1.8047346653167196,0.004640605435472822
1114,20267000,0.6995902034277209,1.7985695631100216,0.004850780606518962
1117,20292000,0.6988349703385076,1.8007146775648486,0.0021930140929740864
1120,20317000,0.6923444752355983,1.8001361061290628,0.001753790879031226
1123,20342000,0.6973404977242321,1.8037552947029525,0.0052152351397418166
1126,20367000,0.6919153833788905,1.8001456037598684,0.0025361689519457034
1129,20392000,0.7016051169391244,1.7975427438176268,0.00461948888218242
1132,20417000,0.7033640261217053,1.799696906253889,0.001484157802799555
1135,20442000,0.7021570978535108,1.80402742363,0.0025912831638371455
1138,20467000,0.6996418356331907,1.7987558437181603,0.005322404052391335
1141,20492000,0.699679249249873,1.799517735569745,0.0001804951976154938
1144,20517000,0.6991841378935719,1.8003560533450664,0.0014193743229764819
1147,20542000,0.6995211222408003,1.800101874740043,0.002102013638213245
1150,20567000,0.6985304378736462,1.804620589528941,0.005047083350716086
1153,20592000,0.6995706893982547,1.7995372789353625,0.0029136533803534688
1156,20617000,0.6917947540323289,1.8038191772257213,0.0018807544377149703
1159,20642000,0.6999196776427044,1.8024804598794615,0.00462248426664376
1162,20667000,0.6982909750045657,1.8004023027590916,0.00336983772279998
1165,20692000,0.7028775369906265,1.7999335610866787,0.0016585369862871454
1168,20717000,0.706977200441052,1.8015959285897216,0.004046694757570635
1171,20742000,0.6968419076818688,1.7994341757799128,0.002826077495741973
1174,20767000,0.7023589588763365,1.80207276561689,0.0031306125918837547
1177,20792000,0.6980715991707793,1.7965214799622284,0.0038045720479490614
1180,20817000,0.6981219982358922,1.796949151513576,0.005423360971929624
1183,20842000,0.6994215791283835,1.8015944853529688,0.004510358039731271
1186,20867000,0.6962065280594391,1.7998295531669795,0.0036803854276842587
1189,20892000,0.7033372429391469,1.8019322764165033,0.0017808940088947483
1192,20917000,0.7012211215804649,1.7992671761517511,0.004221779025798797
1195,20942000,0.6974255926678483,1.8068646825775794,0.0038768713058155856
1198,20967000,0.7015039900162133,1.7934028766338832,0.004966442662319796
1201,20992000,0.7003799557305839,1.8022633772601233,0.004590847067894702
