old,new,role,stage,sha256_before,compatibility,sha256_after,references,reason
aruco_id0.png,src/drone_bringup/assets/markers/aruco_id0.png,printed marker reference,reference,b1c31ff13817e0bb1335a93d9056e5c73eabb6876c3b5b84956a81abb2a8065a,relative symbolic link,b1c31ff13817e0bb1335a93d9056e5c73eabb6876c3b5b84956a81abb2a8065a,indexes / active links / historical path,Group by responsibility; preserve current behavior and evidence.
aruco_id1.png,src/drone_bringup/assets/markers/aruco_id1.png,printed marker reference,reference,b7b32157d37c74366f0322db246edde3dfa3c005da04f25fc74f848eb58a77a5,relative symbolic link,b7b32157d37c74366f0322db246edde3dfa3c005da04f25fc74f848eb58a77a5,indexes / active links / historical path,Group by responsibility; preserve current behavior and evidence.
docs/KCI_FI003284551.pdf,docs/reference/KCI_FI003284551.pdf,documentation,reference,16755b4c235274302551f9945c69176f8d181ebdb03d3648775584a6fdb275ca,relative symbolic link,16755b4c235274302551f9945c69176f8d181ebdb03d3648775584a6fdb275ca,indexes / active links / historical path,Group by responsibility; preserve current behavior and evidence.
docs/accelerometer_gravity_explained.md,docs/reference/accelerometer_gravity_explained.md,documentation,reference,27dfe6b2c5f1ccbc270e8d662194f8ce2a1c0d8d229cc31ab0977b17f85a0f05,relative symbolic link,67c03c4fd1e2fc66adcd55c8a20c9e6022ebe3ea8f33d7c127f897a2d6ed8860,indexes / active links / historical path,Group by responsibility; preserve current behavior and evidence.
docs/companion_flight_code_review.md,docs/reference/companion_flight_code_review.md,documentation,reference,264c1474fc988a85231b41e637952c8946eb5e675324fb5bdbe5cec29feb16ac,relative symbolic link,b243e24eb07732432a39b403b663a630bbc3133923773cd48e8394ac6734ec45,indexes / active links / historical path,Group by responsibility; preserve current behavior and evidence.
docs/companion_link_flight_acceptance.md,docs/architecture/companion_link_flight_acceptance.md,documentation,reference,78633fbe1f4dfc26ffafdff56597c52d9caa2bd53e6af08d1363124b25f6f9dd,relative symbolic link,83b4161aebfb6190399a6e5c593a9e96cadc2c6da4398a932c856f24baebe5db,indexes / active links / historical path,Group by responsibility; preserve current behavior and evidence.
docs/companion_platform_alignment_request.md,docs/reference/companion_platform_alignment_request.md,documentation,reference,075bf94fa646e3b2a7a644ce34a206c0112a87bad5f30e4ed4be2be9d08847e3,relative symbolic link,4e4fb198275fe58feda38ef95264e839835f063666c8ead77bfbd8c809359574,indexes / active links / historical path,Group by responsibility; preserve current behavior and evidence.
docs/companion_platform_api_confirmation.md,docs/reference/companion_platform_api_confirmation.md,documentation,reference,4a58226db7a41a7e9babede1b9021bd627dbd93581cb6f970124ad6ab51c5247,relative symbolic link,9ef6bf3e288df0676c172cc4f413e58bb0014b6e0ebe98e03923a37e14953483,indexes / active links / historical path,Group by responsibility; preserve current behavior and evidence.
docs/companion_platform_api_dictionary.md,docs/reference/companion_platform_api_dictionary.md,documentation,reference,3286f10987bb014769b5d798af79e40c934ec5667e138bafaf3535b904396d71,relative symbolic link,b84ba8164e3b7cb2b02851699d8380eafb5b65b3ae48743abe01f3a6433334b3,indexes / active links / historical path,Group by responsibility; preserve current behavior and evidence.
docs/companion_platform_api_v1_review.md,docs/reference/companion_platform_api_v1_review.md,documentation,reference,f350963a950a93e37532809fc7afa349eb8e4c023b0a8060ec8688f05eb6bf88,relative symbolic link,51f2e9ad050c93f417a19f300eb6ac42e89ddca5e5997f3743bcdc8c6e65686e,indexes / active links / historical path,Group by responsibility; preserve current behavior and evidence.
docs/companion_platform_service.md,docs/runbooks/companion_platform_service.md,documentation,reference,bda42baa5affd9196c1181fcb16e2e71d7874c843df31d94d130549d23f63aa5,relative symbolic link,c633eb307b227a7af15ca0b8a690de0f35b00996ddaa65bc83aee35270f5bb99,indexes / active links / historical path,Group by responsibility; preserve current behavior and evidence.
docs/companion_setup.md,docs/runbooks/companion_setup.md,documentation,reference,0fccbbe2644906fa6cb5f10f91edc8d56d6e54499fc2e87a4d525463cfb02f6b,relative symbolic link,73efeb283ec816f0a0cde65defeba76e0c878d5ed28b1160af5afc4b895eccff,indexes / active links / historical path,Group by responsibility; preserve current behavior and evidence.
docs/demo_control_design.md,docs/architecture/demo_control_design.md,documentation,reference,11f1663908ed04af84fb0c8ccd0d8f17a184e124d670a063841414e1fefb24d8,relative symbolic link,b7f7b064aef6ed1fcd9d4e5d769aa33cd8499ae2be3215c687fdba09744beba9,indexes / active links / historical path,Group by responsibility; preserve current behavior and evidence.
docs/demo_design.md,docs/architecture/demo_design.md,documentation,reference,479c3851bb3d908eb3eeddb3dfa659080169b4196b73fb0aff7a07f2deb8e5da,relative symbolic link,9a7f8cffb451152e97343984a7fc84064fb8728d10c361de121fab1cab57e040,indexes / active links / historical path,Group by responsibility; preserve current behavior and evidence.
docs/demo_mission_design.md,docs/architecture/demo_mission_design.md,documentation,reference,a25469a91ede140d33144f30759b784f61aa218ef7a3f75ce07b89b935200b88,relative symbolic link,fa1248335eb64b34442afe3b4bc728a184533c31e92d3941b22477c8838a5d5c,indexes / active links / historical path,Group by responsibility; preserve current behavior and evidence.
docs/demo_procedure.md,docs/runbooks/demo_procedure.md,documentation,reference,5c2881897191c7e12e6069b8d0c3ba533d60f8746ed15f1055106f3bfa6995ba,relative symbolic link,dcdd5c39ef74169421fe658524f725554c8dc9bef144b0f0dd297dfa8a606eda,indexes / active links / historical path,Group by responsibility; preserve current behavior and evidence.
docs/gazebo_wsl_runbook.md,docs/runbooks/gazebo_wsl_runbook.md,documentation,reference,41d9eac7b3c715c30fff90f51472907aaa523cff532cf422efc76b336ac62bca,relative symbolic link,ae469af152c7016ad845300aa111398b45c48fd7316a9885022aa2a22c4a3517,indexes / active links / historical path,Group by responsibility; preserve current behavior and evidence.
docs/pixhawk_decision.md,docs/architecture/pixhawk_decision.md,documentation,reference,ef17e6988e72c17592334617c77c58900c3843bbe695554739e5393292eb9a75,relative symbolic link,ef17e6988e72c17592334617c77c58900c3843bbe695554739e5393292eb9a75,indexes / active links / historical path,Group by responsibility; preserve current behavior and evidence.
docs/position_hold_audit_runbook.md,docs/runbooks/position_hold_audit_runbook.md,documentation,reference,28164ea971e75d4389eda29d854770e565d834c8790e7b6115d63513be597856,relative symbolic link,a0a4cd10c30a75daaad38e92bf8048e5958b1772d5fdcd7b03a10c1e4a9a10ad,indexes / active links / historical path,Group by responsibility; preserve current behavior and evidence.
docs/prior_art_uwb_slam.md,docs/reference/prior_art_uwb_slam.md,documentation,reference,505b34c1d3cd5c41c1ea95aedfc8418af988f179d2d1d2016cfeb42760cdf38b,relative symbolic link,505b34c1d3cd5c41c1ea95aedfc8418af988f179d2d1d2016cfeb42760cdf38b,indexes / active links / historical path,Group by responsibility; preserve current behavior and evidence.
docs/uwb_anchor_survey.md,docs/reference/uwb_anchor_survey.md,documentation,reference,ada0e832595b8869a38a6f7f512518cb7f5cff449de8061d179b30445e0d8f66,relative symbolic link,c773a257b5209ceb72b61e69877b93ae1dbdbce3af1c6b80d572230089bb089b,indexes / active links / historical path,Group by responsibility; preserve current behavior and evidence.
docs/uwb_bench_procedure.md,docs/runbooks/uwb_bench_procedure.md,documentation,reference,00f94f8d25512df367b269d1a6cf4f75cab22cd76fde627397c1b866d598d13e,relative symbolic link,a4addfa5d68521c30f3d4ae705af2ddfaa93e1ec427c8a66d4c22ee4911cc1d4,indexes / active links / historical path,Group by responsibility; preserve current behavior and evidence.
docs/uwb_data_layout.md,docs/architecture/uwb_data_layout.md,documentation,reference,7658f89264a5564d34f4a719df61e50fea8750619d0a39ee6ac3db47c989ee0d,relative symbolic link,87991a157c70ec6250c815b63a51c30a933c8a41f43b4a50e8535e09cd7a3381,indexes / active links / historical path,Group by responsibility; preserve current behavior and evidence.
docs/uwb_data_runbook.md,docs/runbooks/uwb_data_runbook.md,documentation,reference,ebb1a62abdf5385a575af438109df0f88873f22dcc1e92a74af16f453331d465,relative symbolic link,2dc9382844b13af657d42c99f61d8f8320e1f3f158cd43170b0a146f724cb5d1,indexes / active links / historical path,Group by responsibility; preserve current behavior and evidence.
docs/uwb_gazebo_architecture.md,docs/architecture/uwb_gazebo_architecture.md,documentation,reference,0937d1be3fb42135d805d72544aa7265755d43aa4f4bb512e4435824b4a2c6d1,relative symbolic link,80284e5bb6e8b264f5982110a208a782aad87142897ba5ba8026b216d2a6ff31,indexes / active links / historical path,Group by responsibility; preserve current behavior and evidence.
docs/uwb_gazebo_equipment_runbook.md,docs/runbooks/uwb_gazebo_equipment_runbook.md,documentation,reference,6bd31c1966ff32372dabb35f60e4f7e4970f9659bda60a9c04677e83f8ab9ad8,relative symbolic link,669f8b0286c1e5342299a091b2f67311ccfc59d7201a0e52d4514faaa1c8838b,indexes / active links / historical path,Group by responsibility; preserve current behavior and evidence.
docs/uwb_gazebo_fault_trials.md,docs/runbooks/uwb_gazebo_fault_trials.md,documentation,reference,a0d9c29f5cc53d616f6556f15f44b1be49f824e7d715a715846ef418d513cd40,relative symbolic link,c08271b2c6b5d8c19b8cf36673aeb7766c28b43df49b4041ba136da47f6ccbd5,indexes / active links / historical path,Group by responsibility; preserve current behavior and evidence.
docs/uwb_gazebo_flight_evaluation.md,docs/architecture/uwb_gazebo_flight_evaluation.md,documentation,reference,98165a0ec7263573a42ccbeca1e202906024640119bf205df039d37860242ab0,relative symbolic link,8e1b06f6022b280ae9de940c2c4378642dc866c89f3fe94af54e605325377582,indexes / active links / historical path,Group by responsibility; preserve current behavior and evidence.
docs/uwb_gazebo_live_shadow.md,docs/runbooks/uwb_gazebo_live_shadow.md,documentation,reference,267fec08dddf53df1bdb3fe5e6ea694ce9482c55ea960c8d6e933c7cd2878ca4,relative symbolic link,f8d82abfbd7ffadc27dc5d1165bb4daa5c1d68f81c49de9f3c48f87eee7cbaa7,indexes / active links / historical path,Group by responsibility; preserve current behavior and evidence.
docs/uwb_gazebo_navigation_prompt.md,docs/runbooks/uwb_gazebo_navigation_prompt.md,documentation,reference,93ff7db635833e367704b8b5a03a4d58d8e701e93aff66040e56423c02f2984b,relative symbolic link,737c94eee6866385284911942f4aea46512025395cd874d4baf3cda0c156cc87,indexes / active links / historical path,Group by responsibility; preserve current behavior and evidence.
docs/uwb_gazebo_navigation_runbook.md,docs/runbooks/uwb_gazebo_navigation_runbook.md,documentation,reference,5fab7f5f756fd5c2e5f2306549036e6355f9539cbc558f7c56297e912a8a45c4,relative symbolic link,8ae6e64b6b6a1f0b0512c1bd4e4d1ae777c9c9803e397f081805e4daa1f86566,indexes / active links / historical path,Group by responsibility; preserve current behavior and evidence.
docs/uwb_gazebo_shadow_runbook.md,docs/runbooks/uwb_gazebo_shadow_runbook.md,documentation,reference,dc7fa624b1084665d0f5a9a17607f757286c29deb7125b3c3905781dadf4fb69,relative symbolic link,3274a5ca9fcc5f5d8777fb9e008a2750704fd762feec4ce61da1c7ac958b490a,indexes / active links / historical path,Group by responsibility; preserve current behavior and evidence.
docs/uwb_gazebo_sitl_observer.md,docs/runbooks/uwb_gazebo_sitl_observer.md,documentation,reference,425f7afa108f408b732d5f2e59300a9e60421991c5c14b4a4c2cc038b14aecb8,relative symbolic link,07ba35e23fe31f848ea3c71def2b885bfb445a56430dda319433d420d1aa5327,indexes / active links / historical path,Group by responsibility; preserve current behavior and evidence.
docs/uwb_gazebo_sitl_odometry.md,docs/reference/uwb_gazebo_sitl_odometry.md,documentation,reference,933d2f15ab9f56c60e3feb2ea05f52d9de8b349c2b791f4fcf20d864b028f42d,relative symbolic link,60f10f78a035b33956f68dd642fa2af2c04c42aa42a456b495d6e888ddf4a204,indexes / active links / historical path,Group by responsibility; preserve current behavior and evidence.
docs/uwb_gazebo_target_adapter.md,docs/architecture/uwb_gazebo_target_adapter.md,documentation,reference,fc6a423ea8eeae29894791c93d9dceb8abe25e434f61e6b8a6b7d59b92383d5c,relative symbolic link,c33e646d6e0470108847ff04b1520c4414faa175d643dcd2f2a4283f1bb86f8e,indexes / active links / historical path,Group by responsibility; preserve current behavior and evidence.
docs/uwb_goal_prompt_20261002.txt,docs/runbooks/uwb_goal_prompt_20261002.txt,documentation,reference,d3c12be1f429aebe3be03dc9a87ac0277dbce76af3a4f9b323e7fb7909138794,relative symbolic link,d3c12be1f429aebe3be03dc9a87ac0277dbce76af3a4f9b323e7fb7909138794,indexes / active links / historical path,Group by responsibility; preserve current behavior and evidence.
docs/uwb_h80_qs10_reference.md,docs/reference/uwb_h80_qs10_reference.md,documentation,reference,206b14d49733f9edd4ab6e1465475724fa06e2bbce2ddb6a9d3b557cdb62c978,relative symbolic link,c2750226803d886ed8fa80ea84c9a460ce6a7c45b60a15d819e51d7f286e039b,indexes / active links / historical path,Group by responsibility; preserve current behavior and evidence.
docs/uwb_jetson_port_plan_20260920.md,docs/architecture/uwb_jetson_port_plan_20260920.md,documentation,reference,a249d02132accc0745377d6b1125388acd21e3c040470c5ef8dccf1e23e41e8d,relative symbolic link,b762218d9d9cf234df00737d5c1bf42b28bacc9bd6cf0b0a8e3406cef1ecd369,indexes / active links / historical path,Group by responsibility; preserve current behavior and evidence.
docs/uwb_mavros_parameter_api.md,docs/reference/uwb_mavros_parameter_api.md,documentation,reference,972a58098657a173af7ab7164015d05ab5d9aa5438bc044de828abf200ad24a2,relative symbolic link,224829f926a5a80d9ae88a847c95b4354dec4a63b5bd1f9cc5520ae07efcecdc,indexes / active links / historical path,Group by responsibility; preserve current behavior and evidence.
docs/uwb_module_api.md,docs/reference/uwb_module_api.md,documentation,reference,476f3a2c3a58e27807e391dc5b016aff7eec55ef04d4d4d4f96d6684d207a188,relative symbolic link,a1fea28836ef8d513fd3081d1a389fb7be0d26ea0d09655c4edf601935a81bd5,indexes / active links / historical path,Group by responsibility; preserve current behavior and evidence.
docs/uwb_node_design.md,docs/architecture/uwb_node_design.md,documentation,reference,35f1626d19e75faf482124d5f74f557ff3511934cf0d6dc157297edd904c6ce3,relative symbolic link,f3711ca93f9b2bfb7ac97f8d0db448429fe23f97a2ae1f786218ffa8d85e1c94,indexes / active links / historical path,Group by responsibility; preserve current behavior and evidence.
docs/uwb_pipeline_design.md,docs/architecture/uwb_pipeline_design.md,documentation,reference,9d31a9ad98e73e837b94f0d43936a20201d0dee4864755bc8e38d1cec5318ef2,relative symbolic link,e1018bc9170cd70f2321d16b3576515c550933e13286d1c5644ca789945abded,indexes / active links / historical path,Group by responsibility; preserve current behavior and evidence.
docs/uwb_pipeline_runbook.md,docs/runbooks/uwb_pipeline_runbook.md,documentation,reference,9d4dfbd15fd5824fbe6459cdb75210396e23226aeb36194ec36e02ab6ebe468e,relative symbolic link,8f16d378b92fc9bb4bb80d91b7b313023674e9301fb85149c747f6d0613a3b27,indexes / active links / historical path,Group by responsibility; preserve current behavior and evidence.
docs/uwb_preimu_field_mapping.md,docs/reference/uwb_preimu_field_mapping.md,documentation,reference,22e797cf79f71b5340ff4bf5e56e778e6bbea45c89f237e28a47c8f94079905e,relative symbolic link,fb87e09d7728bc371657cf870c88e384bb403089f96c5f2d332793ea6f1b17c7,indexes / active links / historical path,Group by responsibility; preserve current behavior and evidence.
docs/uwb_sitl_clock_probe.md,docs/runbooks/uwb_sitl_clock_probe.md,documentation,reference,8e3211651eb51efce4300d005fd42c2c4f7019bad547936e379741d235538969,relative symbolic link,9047b232411d4043f68c68afe15e1ca6285b5f2ae5efb990a83c51d94c54ad99,indexes / active links / historical path,Group by responsibility; preserve current behavior and evidence.
docs/uwb_sitl_link_probe.md,docs/runbooks/uwb_sitl_link_probe.md,documentation,reference,278eecb3fe277275f8893e7dc8b252c100b3b4b912c1c005cf4b846181f08364,relative symbolic link,edf1fd72766aa02c25eeb2b619236f6dafdbfce8b963e80afa699ffe3533aa82,indexes / active links / historical path,Group by responsibility; preserve current behavior and evidence.
docs/uwb_tag_layout_update.md,docs/reference/uwb_tag_layout_update.md,documentation,reference,5441e5391bf79ebcbf823d5368b4c034e7d4457ef07f1627bb34661dcb168428,relative symbolic link,5441e5391bf79ebcbf823d5368b4c034e7d4457ef07f1627bb34661dcb168428,indexes / active links / historical path,Group by responsibility; preserve current behavior and evidence.
docs/uwb_windows_handoff.md,docs/runbooks/uwb_windows_handoff.md,documentation,reference,0c0762704f87d0c375db14fe9db69f7362e296306155c537ccab6b8c306038a6,relative symbolic link,deff3142b1f2c35edf1b3e6b996b86a1180b4d42f9e0592827cdf4734c234e9b,indexes / active links / historical path,Group by responsibility; preserve current behavior and evidence.
perfect_holdv2.params,data/raw/flight/20260927/perfect_holdv2.params,recorded PX4 parameters,reference,389b802cb7cecad0c71c4f70745c9c125959da9e3fe146cfb22ca44725c8fd46,relative symbolic link,389b802cb7cecad0c71c4f70745c9c125959da9e3fe146cfb22ca44725c8fd46,indexes / active links / historical path,Group by responsibility; preserve current behavior and evidence.
src/drone_uwb/config/anchors_20260906.json,src/drone_uwb/config/anchors/anchors_20260906.json,configuration: anchors,C,0ec5124ceba41e686d8eeb5ce2df391cb6dbef258dd4861697d889bd18a58e92,relative symbolic link,0ec5124ceba41e686d8eeb5ce2df391cb6dbef258dd4861697d889bd18a58e92,package share / legacy aliases / runbooks,Group by responsibility; preserve current behavior and evidence.
src/drone_uwb/config/baseline_a_reference_20260921.json,src/drone_uwb/config/replay/baseline_a_reference_20260921.json,configuration: replay,evaluation,17248cf18dc3291376f4c64b6e3e931a1822b100a4f70a42d39cb93cc96a3e1d,relative symbolic link,17248cf18dc3291376f4c64b6e3e931a1822b100a4f70a42d39cb93cc96a3e1d,package share / legacy aliases / runbooks,Group by responsibility; preserve current behavior and evidence.
src/drone_uwb/config/baseline_a_simulation_20260921.json,src/drone_uwb/config/replay/baseline_a_simulation_20260921.json,configuration: replay,evaluation,975682ec6698ae2b32876eb210a41c939dfe9d485957db3ed0a69ddfef75521f,relative symbolic link,975682ec6698ae2b32876eb210a41c939dfe9d485957db3ed0a69ddfef75521f,package share / legacy aliases / runbooks,Group by responsibility; preserve current behavior and evidence.
src/drone_uwb/config/baseline_a_static_20260906.json,src/drone_uwb/config/replay/baseline_a_static_20260906.json,configuration: replay,evaluation,607b7c5aea966ba86c9bbf32c51938f5465346e5083c24b52c1ca825ffaf8bde,relative symbolic link,607b7c5aea966ba86c9bbf32c51938f5465346e5083c24b52c1ca825ffaf8bde,package share / legacy aliases / runbooks,Group by responsibility; preserve current behavior and evidence.
src/drone_uwb/config/c_flight_inputs_20260927.json,src/drone_uwb/config/replay/c_flight_inputs_20260927.json,configuration: replay,evaluation,21f6c8194eb33ac36097dc9fad34bd04870d62cbf87fff49c1fef9c0a8cac3fa,relative symbolic link,21f6c8194eb33ac36097dc9fad34bd04870d62cbf87fff49c1fef9c0a8cac3fa,package share / legacy aliases / runbooks,Group by responsibility; preserve current behavior and evidence.
src/drone_uwb/config/gazebo_dynamic_path_20260928.json,src/drone_uwb/config/gazebo/scenarios/gazebo_dynamic_path_20260928.json,configuration: gazebo/scenarios,evaluation,8185116f366a383e7d0696da7266c328acea1bb0bb5b5edc884e630153e93ab2,relative symbolic link,8185116f366a383e7d0696da7266c328acea1bb0bb5b5edc884e630153e93ab2,package share / legacy aliases / runbooks,Group by responsibility; preserve current behavior and evidence.
src/drone_uwb/config/gazebo_dynamic_path_eval_20260928.json,src/drone_uwb/config/gazebo/scenarios/gazebo_dynamic_path_eval_20260928.json,configuration: gazebo/scenarios,evaluation,111ccc3de9e41b4711316f8b9740bc5bab5dc66864ce67683c4c937028dcb974,relative symbolic link,111ccc3de9e41b4711316f8b9740bc5bab5dc66864ce67683c4c937028dcb974,package share / legacy aliases / runbooks,Group by responsibility; preserve current behavior and evidence.
src/drone_uwb/config/gazebo_equipment.json,src/drone_uwb/config/gazebo/gazebo_equipment.json,configuration: gazebo,evaluation,ecef606e360afda4c0100d4fbb2c0d7d7d03fbfe6bf8d7bba369ba60aa213f3c,relative symbolic link,ecef606e360afda4c0100d4fbb2c0d7d7d03fbfe6bf8d7bba369ba60aa213f3c,package share / legacy aliases / runbooks,Group by responsibility; preserve current behavior and evidence.
src/drone_uwb/config/gazebo_fault_bias_01.json,src/drone_uwb/config/gazebo/scenarios/gazebo_fault_bias_01.json,configuration: gazebo/scenarios,evaluation,19ce9e8e296627c8a3a2ffd0bf973508edc437b822c18ffe6c484171662c0442,relative symbolic link,19ce9e8e296627c8a3a2ffd0bf973508edc437b822c18ffe6c484171662c0442,package share / legacy aliases / runbooks,Group by responsibility; preserve current behavior and evidence.
src/drone_uwb/config/gazebo_fault_drop_01.json,src/drone_uwb/config/gazebo/scenarios/gazebo_fault_drop_01.json,configuration: gazebo/scenarios,evaluation,26dca9b0826d899ac64a49413f8f485153ca1d72fa01fd395d4cd436e9244a0d,relative symbolic link,26dca9b0826d899ac64a49413f8f485153ca1d72fa01fd395d4cd436e9244a0d,package share / legacy aliases / runbooks,Group by responsibility; preserve current behavior and evidence.
src/drone_uwb/config/gazebo_sensor_height_profile.json,src/drone_uwb/config/gazebo/gazebo_sensor_height_profile.json,configuration: gazebo,evaluation,e55261576e4b5f248c1ffeeaa669a378ea87363bde7ef47fe5f4e430d17a6f76,relative symbolic link,e55261576e4b5f248c1ffeeaa669a378ea87363bde7ef47fe5f4e430d17a6f76,package share / legacy aliases / runbooks,Group by responsibility; preserve current behavior and evidence.
src/drone_uwb/config/gazebo_shadow.json,src/drone_uwb/config/gazebo/gazebo_shadow.json,configuration: gazebo,evaluation,736af2aa282e9968801619d2e16f16892ad3cdabe9d2e6d5da92f5a59613e476,relative symbolic link,736af2aa282e9968801619d2e16f16892ad3cdabe9d2e6d5da92f5a59613e476,package share / legacy aliases / runbooks,Group by responsibility; preserve current behavior and evidence.
src/drone_uwb/config/gazebo_sitl_observer.json,src/drone_uwb/config/sitl/gazebo_sitl_observer.json,configuration: sitl,H,ec6d8240db74499fc43364906b96204a9ce2f1040db7c88471993f6195280a1d,relative symbolic link,ec6d8240db74499fc43364906b96204a9ce2f1040db7c88471993f6195280a1d,package share / legacy aliases / runbooks,Group by responsibility; preserve current behavior and evidence.
src/drone_uwb/config/gazebo_sitl_odometry.json,src/drone_uwb/config/sitl/gazebo_sitl_odometry.json,configuration: sitl,H,e5b6d99e6ae33cc8d85947e864f6dfa382a75d8eb8979e09f4142c873abf8367,relative symbolic link,e5b6d99e6ae33cc8d85947e864f6dfa382a75d8eb8979e09f4142c873abf8367,package share / legacy aliases / runbooks,Group by responsibility; preserve current behavior and evidence.
src/drone_uwb/config/gazebo_sitl_target.json,src/drone_uwb/config/sitl/gazebo_sitl_target.json,configuration: sitl,H,92020352ab32ac37d011839147c914d0c94c295577ad1b0f0374008869ccc7f2,relative symbolic link,92020352ab32ac37d011839147c914d0c94c295577ad1b0f0374008869ccc7f2,package share / legacy aliases / runbooks,Group by responsibility; preserve current behavior and evidence.
src/drone_uwb/config/h80_b_static_20260906.json,src/drone_uwb/config/replay/h80_b_static_20260906.json,configuration: replay,evaluation,29846f1c4496f43771a5af89904efaa70b2453b8e19801429957cce74b900cfe,relative symbolic link,29846f1c4496f43771a5af89904efaa70b2453b8e19801429957cce74b900cfe,package share / legacy aliases / runbooks,Group by responsibility; preserve current behavior and evidence.
src/drone_uwb/config/mavros_uwb.yaml,src/drone_uwb/config/runtime/mavros_uwb.yaml,configuration: runtime,A/H,d70880055183ae19ea54b63e61629ef897b357a3c61c3183edd0351d2ad9d63a,relative symbolic link,d70880055183ae19ea54b63e61629ef897b357a3c61c3183edd0351d2ad9d63a,package share / legacy aliases / runbooks,Group by responsibility; preserve current behavior and evidence.
src/drone_uwb/config/preimu_pipeline.json,src/drone_uwb/config/pipeline/preimu_pipeline.json,configuration: pipeline,A-H,d723749cb8f318eb76aa26068b65d35ae70efdcc96e9641a3bd50d07ea910e9d,relative symbolic link,d723749cb8f318eb76aa26068b65d35ae70efdcc96e9641a3bd50d07ea910e9d,package share / legacy aliases / runbooks,Group by responsibility; preserve current behavior and evidence.
src/drone_uwb/config/subsets_cd_static_20260906.json,src/drone_uwb/config/replay/subsets_cd_static_20260906.json,configuration: replay,evaluation,2360a6fce29b6361c81e20d872012485ec5900df32038042909304e0c753fe28,relative symbolic link,2360a6fce29b6361c81e20d872012485ec5900df32038042909304e0c753fe28,package share / legacy aliases / runbooks,Group by responsibility; preserve current behavior and evidence.
src/drone_uwb/config/uwb.yaml,src/drone_uwb/config/runtime/uwb.yaml,configuration: runtime,A/H,2107bb6e67353247c3c393538996ac1652511904153e81e284d0ebe7b0517314,relative symbolic link,2107bb6e67353247c3c393538996ac1652511904153e81e284d0ebe7b0517314,package share / legacy aliases / runbooks,Group by responsibility; preserve current behavior and evidence.
src/drone_uwb/drone_uwb/integration/bench_probe.py,src/drone_uwb/drone_uwb/integration/ros/bench_probe.py,external adapter: ros,A/H,66f4ec8f3759fb2c137245774631bb574793cfedf2a4fd6b6a390a1f5c29bcb5,direct Python module alias,66f4ec8f3759fb2c137245774631bb574793cfedf2a4fd6b6a390a1f5c29bcb5,imports / CLI / API / source manifest,Group by responsibility; preserve current behavior and evidence.
src/drone_uwb/drone_uwb/integration/bridge.py,src/drone_uwb/drone_uwb/integration/ros/bridge.py,external adapter: ros,A/H,17f8913b3748455a8a6b00b60028b2d64e10fcb4904417af09cf6b0cb89ffc14,direct Python module alias,3866657855e90dab7417e4a6961ff9b3df23813a65166b2829853ad52ca89d64,imports / CLI / API / source manifest,Group by responsibility; preserve current behavior and evidence.
src/drone_uwb/drone_uwb/integration/frames.py,src/drone_uwb/drone_uwb/integration/ros/frames.py,external adapter: ros,A/H,7c8e4db3f7002b1eeca3eea6609774e81d2d90cf252b4790aebbe5b111fbddc7,direct Python module alias,7c8e4db3f7002b1eeca3eea6609774e81d2d90cf252b4790aebbe5b111fbddc7,imports / CLI / API / source manifest,Group by responsibility; preserve current behavior and evidence.
src/drone_uwb/drone_uwb/integration/gazebo_capture.py,src/drone_uwb/drone_uwb/integration/gazebo/gazebo_capture.py,external adapter: gazebo,A/H,8e5143dd14af3cff278a93e515708e304499f482e05c13fdad794ab4459c6063,direct Python module alias,8e5143dd14af3cff278a93e515708e304499f482e05c13fdad794ab4459c6063,imports / CLI / API / source manifest,Group by responsibility; preserve current behavior and evidence.
src/drone_uwb/drone_uwb/integration/gazebo_clock.py,src/drone_uwb/drone_uwb/integration/gazebo/gazebo_clock.py,external adapter: gazebo,A/H,7c3049f5ec6fa9e13fd097dfc9de1f0c8673c4e184d3f087e371720b1e8146ce,direct Python module alias,7c3049f5ec6fa9e13fd097dfc9de1f0c8673c4e184d3f087e371720b1e8146ce,imports / CLI / API / source manifest,Group by responsibility; preserve current behavior and evidence.
src/drone_uwb/drone_uwb/integration/gazebo_faults.py,src/drone_uwb/drone_uwb/integration/gazebo/gazebo_faults.py,external adapter: gazebo,A/H,aed7d4bcaba58f9a04af603a22e63308c1a28afdf4f6b9fcb435a2cc2970198f,direct Python module alias,aed7d4bcaba58f9a04af603a22e63308c1a28afdf4f6b9fcb435a2cc2970198f,imports / CLI / API / source manifest,Group by responsibility; preserve current behavior and evidence.
src/drone_uwb/drone_uwb/integration/gazebo_live_shadow.py,src/drone_uwb/drone_uwb/integration/gazebo/gazebo_live_shadow.py,external adapter: gazebo,A/H,ee33a17d78d41df5041f6ef4e7c4654bf2869ea15c0c1b438947138e296becd5,direct Python module alias,3a2322b009120209b43daabdcd8bf38a8cf78742f39d932228f84630358e83c1,imports / CLI / API / source manifest,Group by responsibility; preserve current behavior and evidence.
src/drone_uwb/drone_uwb/integration/gazebo_ranges.py,src/drone_uwb/drone_uwb/integration/gazebo/gazebo_ranges.py,external adapter: gazebo,A/H,1c6719da23b4fff3ab85de5f4176737b565dccc0d8d2a240c76f0466027e3e1b,direct Python module alias,b86aafcb6c1591f42c78f54a8484e7cc18eb8b73a409ed41053aa2a777d453c1,imports / CLI / API / source manifest,Group by responsibility; preserve current behavior and evidence.
src/drone_uwb/drone_uwb/integration/gazebo_rig.py,src/drone_uwb/drone_uwb/integration/gazebo/gazebo_rig.py,external adapter: gazebo,A/H,e5c70209af959083d4b71c875305ccbedbcf1deaaad9a92b458a3cc8b9ea283b,direct Python module alias,a0330912e5189e77b9b27da86c9e9bc77e568dad93de094ba7bc510b913ff4fe,imports / CLI / API / source manifest,Group by responsibility; preserve current behavior and evidence.
src/drone_uwb/drone_uwb/integration/gazebo_sensors.py,src/drone_uwb/drone_uwb/integration/gazebo/gazebo_sensors.py,external adapter: gazebo,A/H,3fbfed45ed8a9cd6b89cd2889646e0ec95bb470d43774415e6c02741907a0f1c,direct Python module alias,3fbfed45ed8a9cd6b89cd2889646e0ec95bb470d43774415e6c02741907a0f1c,imports / CLI / API / source manifest,Group by responsibility; preserve current behavior and evidence.
src/drone_uwb/drone_uwb/integration/node.py,src/drone_uwb/drone_uwb/integration/ros/node.py,external adapter: ros,A/H,3cd816ba8f984d7eacef4818a9397e366526024f0f9ce01e95b623b44200486b,direct Python module alias,d19c0d2e19081f047543427c695cf9dc3f6bf65afdbd85011ead974e73d802c6,imports / CLI / API / source manifest,Group by responsibility; preserve current behavior and evidence.
src/drone_uwb/drone_uwb/integration/px4_clock_tracker.py,src/drone_uwb/drone_uwb/integration/sitl/px4_clock_tracker.py,external adapter: sitl,A/H,b22091ceedcc8648dffd7db48cedf1bb91ffe18f9240ee6e594f33de4d31a5ef,direct Python module alias,6a3864d2752beb4b33df0fd8d20a183674445d0cd9060cb56ee320abea2fba0e,imports / CLI / API / source manifest,Group by responsibility; preserve current behavior and evidence.
src/drone_uwb/drone_uwb/integration/sitl_clock_probe.py,src/drone_uwb/drone_uwb/integration/sitl/sitl_clock_probe.py,external adapter: sitl,A/H,a34e7ba9e79c8c9313ae395e2bebf66d576978656f6428790e2bc4b35a2a59ee,direct Python module alias,a34e7ba9e79c8c9313ae395e2bebf66d576978656f6428790e2bc4b35a2a59ee,imports / CLI / API / source manifest,Group by responsibility; preserve current behavior and evidence.
src/drone_uwb/drone_uwb/integration/sitl_link_probe.py,src/drone_uwb/drone_uwb/integration/sitl/sitl_link_probe.py,external adapter: sitl,A/H,68aa43d3e768b6eae8a5ea778f7a8996871f760f690721ea5fca0e368603e9de,direct Python module alias,68aa43d3e768b6eae8a5ea778f7a8996871f760f690721ea5fca0e368603e9de,imports / CLI / API / source manifest,Group by responsibility; preserve current behavior and evidence.
src/drone_uwb/drone_uwb/integration/sitl_observer.py,src/drone_uwb/drone_uwb/integration/sitl/sitl_observer.py,external adapter: sitl,A/H,af91af7504ec6d64f764e23b6df18f3761e3b82a81ab3395b046c37951565fa8,direct Python module alias,57d0d07f2f742227631450ebfc89acad1a9991f9fcb2e97939c7ee112ccbf618,imports / CLI / API / source manifest,Group by responsibility; preserve current behavior and evidence.
src/drone_uwb/drone_uwb/integration/sitl_odometry_contract.py,src/drone_uwb/drone_uwb/integration/sitl/sitl_odometry_contract.py,external adapter: sitl,A/H,653d3454b3444a2e6d7426f4a8a5fd00cacce42a1492f671c332bbf439a16fd4,direct Python module alias,2e2cc1c48b20f12504cd45b07a4b1c3aa655da96431b2226291c516be9118100,imports / CLI / API / source manifest,Group by responsibility; preserve current behavior and evidence.
src/drone_uwb/drone_uwb/integration/sitl_target_contract.py,src/drone_uwb/drone_uwb/integration/sitl/sitl_target_contract.py,external adapter: sitl,A/H,1489480e0de8cb674efdf505a4e352bd551f0000d057920523c01318782d8d81,direct Python module alias,1df6f5c3adfe0ae68791787848116a99f973e03e48ded01da9aff7b22a378a73,imports / CLI / API / source manifest,Group by responsibility; preserve current behavior and evidence.
src/drone_uwb/drone_uwb/integration/sitl_timesync.py,src/drone_uwb/drone_uwb/integration/sitl/sitl_timesync.py,external adapter: sitl,A/H,2d7734b70d7eb6710dce7a0e45b3ddbd599fb07f82d1834699a3ff71ab035092,direct Python module alias,b1f777d34928c7f7d83bb3a3774370102d35557ad66bfcb21385af5b8c1019a0,imports / CLI / API / source manifest,Group by responsibility; preserve current behavior and evidence.
src/drone_uwb/drone_uwb/processing/candidate_fusion.py,src/drone_uwb/drone_uwb/processing/solvers/candidate_fusion.py,solvers,E/F/G/H,0be0d36b81a830bc28e036458439527e586b4168a80d02366eca3849fcc15d28,direct Python module alias,0be0d36b81a830bc28e036458439527e586b4168a80d02366eca3849fcc15d28,imports / CLI / API / source manifest,Group by responsibility; preserve current behavior and evidence.
src/drone_uwb/drone_uwb/processing/clock.py,src/drone_uwb/drone_uwb/processing/timing/clock.py,timing,B,160a3a2b01c47ca7055f57d39d66b43686df14febdf7cb61def980c75901b04c,direct Python module alias,160a3a2b01c47ca7055f57d39d66b43686df14febdf7cb61def980c75901b04c,imports / CLI / API / source manifest,Group by responsibility; preserve current behavior and evidence.
src/drone_uwb/drone_uwb/processing/gazebo_geometry.py,src/drone_uwb/drone_uwb/processing/geometry/gazebo_geometry.py,geometry,C/D/H,d08c209a745f4b93a5639285ffb53ec8942832f500bc7d7a1105a58fdc44fea6,direct Python module alias,d08c209a745f4b93a5639285ffb53ec8942832f500bc7d7a1105a58fdc44fea6,imports / CLI / API / source manifest,Group by responsibility; preserve current behavior and evidence.
src/drone_uwb/drone_uwb/processing/h80.py,src/drone_uwb/drone_uwb/processing/solvers/h80.py,solvers,E/F/G/H,6661d7747d3323ca195b083d6aabb2468622110ce4df3225a4e37c886ebd055d,direct Python module alias,6661d7747d3323ca195b083d6aabb2468622110ce4df3225a4e37c886ebd055d,imports / CLI / API / source manifest,Group by responsibility; preserve current behavior and evidence.
src/drone_uwb/drone_uwb/processing/height.py,src/drone_uwb/drone_uwb/processing/geometry/height.py,geometry,C/D/H,de78369c6c9ce828990314b8f4b05af69092e174124fa11ded3baef75826eb57,direct Python module alias,e7672dbf4295587dbb0aa9aafbbbd4f551659700643f8abb3cd86ec799969f21,imports / CLI / API / source manifest,Group by responsibility; preserve current behavior and evidence.
src/drone_uwb/drone_uwb/processing/intersections.py,src/drone_uwb/drone_uwb/processing/solvers/intersections.py,solvers,E/F/G/H,9923e1f67faeb880c84d0220a39145999dc400bf1163b08fe7df408d1fea3d61,direct Python module alias,b9d6e1d4961bc1b30b2ff3e0f82c57228a9ffb13911ea194434f4d5f0b0bd7fe,imports / CLI / API / source manifest,Group by responsibility; preserve current behavior and evidence.
src/drone_uwb/drone_uwb/processing/observations.py,src/drone_uwb/drone_uwb/processing/solvers/observations.py,solvers,E/F/G/H,feb66f50d4cd9454d506af2131160d99887b3223e5883c0aaf9c3c03707770b2,direct Python module alias,feb66f50d4cd9454d506af2131160d99887b3223e5883c0aaf9c3c03707770b2,imports / CLI / API / source manifest,Group by responsibility; preserve current behavior and evidence.
src/drone_uwb/drone_uwb/processing/qs10.py,src/drone_uwb/drone_uwb/processing/solvers/qs10.py,solvers,E/F/G/H,70eef199824a5ba97f5c4c48e2d135df797f720463a60d208b58cbd4b7a3b3cb,direct Python module alias,694c0114e0b3b5eed51118c0564ffb78f9c7cf63b90b5c3db6b4cc569495faf9,imports / CLI / API / source manifest,Group by responsibility; preserve current behavior and evidence.
src/drone_uwb/drone_uwb/processing/range_solver.py,src/drone_uwb/drone_uwb/processing/solvers/range_solver.py,solvers,E/F/G/H,6fd9985461ac0387e915cc005e39e935a66a4d73cd3a3932d52717e2db580f99,direct Python module alias,6fd9985461ac0387e915cc005e39e935a66a4d73cd3a3932d52717e2db580f99,imports / CLI / API / source manifest,Group by responsibility; preserve current behavior and evidence.
src/drone_uwb/drone_uwb/processing/rawxy.py,src/drone_uwb/drone_uwb/processing/solvers/rawxy.py,solvers,E/F/G/H,ce6d623131265df5ddd67cd369d16588eff8787bb7855f0ad846f254dc9facbd,direct Python module alias,a0edf1d2c3bdf2de15e8459975d5b6d1d13c9c259ff26c206184a392075faf68,imports / CLI / API / source manifest,Group by responsibility; preserve current behavior and evidence.
src/drone_uwb/drone_uwb/processing/sensors.py,src/drone_uwb/drone_uwb/processing/timing/sensors.py,timing,B,5966d8cd2b74f4f8093717c33ba19f75c820c926e9988b726a54cce199a7a183,direct Python module alias,5966d8cd2b74f4f8093717c33ba19f75c820c926e9988b726a54cce199a7a183,imports / CLI / API / source manifest,Group by responsibility; preserve current behavior and evidence.
src/drone_uwb/drone_uwb/processing/transform.py,src/drone_uwb/drone_uwb/processing/geometry/transform.py,geometry,C/D/H,aafc6331881da03e822592f39739fd1e55eb7be86c30b8c34bf3283e31b014fa,direct Python module alias,aafc6331881da03e822592f39739fd1e55eb7be86c30b8c34bf3283e31b014fa,imports / CLI / API / source manifest,Group by responsibility; preserve current behavior and evidence.
src/drone_uwb/drone_uwb/processing/triplets.py,src/drone_uwb/drone_uwb/processing/solvers/triplets.py,solvers,E/F/G/H,efbbcc6028c63045f9771d4d26b35852a0dda0ad7bd22f7643411d1c8754e6fc,direct Python module alias,820dd09590b285cf849db54475f53e956d9c82553bc5d1fd27b713f3f827714d,imports / CLI / API / source manifest,Group by responsibility; preserve current behavior and evidence.
src/drone_uwb/drone_uwb/processing/weighted_xy.py,src/drone_uwb/drone_uwb/processing/solvers/weighted_xy.py,solvers,E/F/G/H,d31e2a5c9ab8e06e748107ff24b620e4a11cd67a56d4ff8e0ea616b49390027d,direct Python module alias,d31e2a5c9ab8e06e748107ff24b620e4a11cd67a56d4ff8e0ea616b49390027d,imports / CLI / API / source manifest,Group by responsibility; preserve current behavior and evidence.
src/drone_uwb/test/test_baseline_a.py,src/drone_uwb/test/experiments/test_baseline_a.py,regression tests,validation,4d030de669fee7cceae42496ebb6a4b3a18043f906ede67005729a354d416242,updated active commands,98802c0296d3ac43c6f2abdaea93ad1fb8cb3fc1fa4d0884e927c39846e09615,indexes / active links / historical path,Group by responsibility; preserve current behavior and evidence.
src/drone_uwb/test/test_flight_inputs.py,src/drone_uwb/test/experiments/test_flight_inputs.py,regression tests,validation,4b08e3ad44dd78daeeff82d061561dad7c46d893e91cb5885cf96bae5097a708,updated active commands,4b08e3ad44dd78daeeff82d061561dad7c46d893e91cb5885cf96bae5097a708,indexes / active links / historical path,Group by responsibility; preserve current behavior and evidence.
src/drone_uwb/test/test_gazebo_clock.py,src/drone_uwb/test/integration/test_gazebo_clock.py,regression tests,validation,0839165c24dbcb369e7873e2de10ce1a6f2cc2e7b7b83c4c85a4f05d430614e2,updated active commands,375aa004b1deceddfe74db67c417e60097a69bf31fb4b2eea9b7c50925fa676b,indexes / active links / historical path,Group by responsibility; preserve current behavior and evidence.
src/drone_uwb/test/test_gazebo_dynamic_path.py,src/drone_uwb/test/integration/test_gazebo_dynamic_path.py,regression tests,validation,d58cfaa68682c684299f3acf3d5be87f847df226a83021bfc3ebaf3b5e03f088,updated active commands,502c9b4b850b468d301e02f908bf24a85d09db1c22a1f34ceac40b850e40768e,indexes / active links / historical path,Group by responsibility; preserve current behavior and evidence.
src/drone_uwb/test/test_gazebo_faults.py,src/drone_uwb/test/integration/test_gazebo_faults.py,regression tests,validation,db2eb03bf0a0b1efa58737301405a5a42e75fddf4947cc74b314aff9111389fa,updated active commands,1668ca32566f2b4760ebbfd849cd1d1b645629bc51a91fa6b27524a7f3ed3113,indexes / active links / historical path,Group by responsibility; preserve current behavior and evidence.
src/drone_uwb/test/test_gazebo_height_diagnostic.py,src/drone_uwb/test/integration/test_gazebo_height_diagnostic.py,regression tests,validation,f58fcd2021130daea35d6815a4584d82a55628d8b209fd3edefeef234a304203,updated active commands,7d2202852ec0adfd0313e81de03cbdf2efa8e1f77991d8cadc0a043e0002c025,indexes / active links / historical path,Group by responsibility; preserve current behavior and evidence.
src/drone_uwb/test/test_gazebo_live_shadow.py,src/drone_uwb/test/integration/test_gazebo_live_shadow.py,regression tests,validation,e9aaf716d17bef9d3ade7c9aa87ed2e70ab4dd7b469a3ae0bde53bb7148c4821,updated active commands,08e791849d52149dbd397553a49ed24c38c74d60e7eb94c0de5780e95a166d80,indexes / active links / historical path,Group by responsibility; preserve current behavior and evidence.
src/drone_uwb/test/test_gazebo_rig.py,src/drone_uwb/test/integration/test_gazebo_rig.py,regression tests,validation,707d0d4b71c3f261a7ded003725a6888716d4be16c119506914a9860764caaa2,updated active commands,6b397da2707e379e421faa8036ee00ca6fad2b93f3dfe5de04bf745bf09837d2,indexes / active links / historical path,Group by responsibility; preserve current behavior and evidence.
src/drone_uwb/test/test_gazebo_sensor_height.py,src/drone_uwb/test/integration/test_gazebo_sensor_height.py,regression tests,validation,87a5b54bd105f93f2a4ecc1b93b62a98d64d964076220424acc37a09eb80264f,updated active commands,3fc640923f15ef2cadff26b6ddf62c0dd6db54f3aedeeccebde9aa65f6aa8ca1,indexes / active links / historical path,Group by responsibility; preserve current behavior and evidence.
src/drone_uwb/test/test_gazebo_sensors.py,src/drone_uwb/test/integration/test_gazebo_sensors.py,regression tests,validation,b7309e78d49590fd0dc73c08535d55a4b7262ae393673ec1899588d73e0b64b2,updated active commands,46d0ffc64a42b198af528d45190a477950b9cacd9b8c89d8499d8cff959568c1,indexes / active links / historical path,Group by responsibility; preserve current behavior and evidence.
src/drone_uwb/test/test_gazebo_sitl_cli.py,src/drone_uwb/test/integration/test_gazebo_sitl_cli.py,regression tests,validation,07af3eaaa95c40d517d06d646661e07709f22102bad254ede17a178afef79300,updated active commands,f9b2192a3e8750d6be2d93998246432fe7d8ae0306757788afbd6a57837aa37a,indexes / active links / historical path,Group by responsibility; preserve current behavior and evidence.
src/drone_uwb/test/test_gazebo_trial.py,src/drone_uwb/test/integration/test_gazebo_trial.py,regression tests,validation,5e7e8644acc1b5633a26a0cb53f9d0f059752c553e44ceec4a10923ac9fe8aed,updated active commands,1c59ae0e6eeef71cfb9dcee45ca2c2a1e836b3604daac5f70e0f0f6100ebada2,indexes / active links / historical path,Group by responsibility; preserve current behavior and evidence.
src/drone_uwb/test/test_h80_b.py,src/drone_uwb/test/experiments/test_h80_b.py,regression tests,validation,9ac117175561205b83e9e775341673b242c5f98c09420e857d812a8c921012ce,updated active commands,5f00876ba537044d4b8a7ebe55a5b509ba6069973f6e03c5e22f9c2db6ae110b,indexes / active links / historical path,Group by responsibility; preserve current behavior and evidence.
src/drone_uwb/test/test_navigation_iteration.py,src/drone_uwb/test/integration/test_navigation_iteration.py,regression tests,validation,282db8d83164ff2564ef992100a555d4daaa19efcb6c982f9528846c4a48f4ea,updated active commands,795c11770971affd7f16748d88a1be2d5be078b3c642813ffd28a6b4da7f1a5c,indexes / active links / historical path,Group by responsibility; preserve current behavior and evidence.
src/drone_uwb/test/test_observations.py,src/drone_uwb/test/processing/test_observations.py,regression tests,validation,139c0b3c2a168aa12e606d1f039021e23929803ac13156e56a3f81533c17f5f0,updated active commands,4ea59c72124bd333b63ff737866296d058ac3d80cb72108f858ca55ea7e2537a,indexes / active links / historical path,Group by responsibility; preserve current behavior and evidence.
src/drone_uwb/test/test_preimu_pipeline.py,src/drone_uwb/test/processing/test_preimu_pipeline.py,regression tests,validation,a59180aff5eaea40f7057c45ae56fa2555cebb80854b2390a214d774bb48a9e9,updated active commands,7203e842c58b8be3430a5628fc33fb4ff0c60be8c07c1e545b86be813f0caa1f,indexes / active links / historical path,Group by responsibility; preserve current behavior and evidence.
src/drone_uwb/test/test_preimu_settings.py,src/drone_uwb/test/processing/test_preimu_settings.py,regression tests,validation,224c3afd8aceee930de22fef4a15b7b5ad73a5e30c13def6af8332e955c81a9d,updated active commands,e76af44180a3ef21f791a3c91d4417efd9cac534bd7231b2ea98837009281c02,indexes / active links / historical path,Group by responsibility; preserve current behavior and evidence.
src/drone_uwb/test/test_px4_clock_tracker.py,src/drone_uwb/test/integration/test_px4_clock_tracker.py,regression tests,validation,44bffaf3f16ab0360f46032c7f0b6aca74e74aa02f9a559fbe4cbbcba849e947,updated active commands,7c8f04b64745ef5f73fbade827586b0c4426677164256a5575dfc5788d0277c3,indexes / active links / historical path,Group by responsibility; preserve current behavior and evidence.
src/drone_uwb/test/test_sitl_clock_probe.py,src/drone_uwb/test/integration/test_sitl_clock_probe.py,regression tests,validation,e20b383374032d3e62474d5d7c9ad28d92523acc8882b05956b88198f5eb4ece,updated active commands,7b8e7ca7986f44c4dfa1fe8c988176ca9c9080a374d41bdef240f599e77c79e9,indexes / active links / historical path,Group by responsibility; preserve current behavior and evidence.
src/drone_uwb/test/test_sitl_link_probe.py,src/drone_uwb/test/integration/test_sitl_link_probe.py,regression tests,validation,3d78228f2ec2e73871ec08a50ced9819a786c419a477236ae214ade94380b711,updated active commands,8eb527e870f34b8e1603938f409431e73114b0eb6ce7fa91eadf1bdefc8aa923,indexes / active links / historical path,Group by responsibility; preserve current behavior and evidence.
src/drone_uwb/test/test_sitl_mavlink_wire.py,src/drone_uwb/test/integration/test_sitl_mavlink_wire.py,regression tests,validation,b3d947b3d9a78b854df08e95eb46b57190b500bbb266e7e1da9c3b01fde4d2f6,updated active commands,650729cf620bc9a709189626d4fdf2f8267c1cb713e00aec853537ad71778c75,indexes / active links / historical path,Group by responsibility; preserve current behavior and evidence.
src/drone_uwb/test/test_sitl_observer.py,src/drone_uwb/test/integration/test_sitl_observer.py,regression tests,validation,f56f1a8846a8ab2683a859cf051770d26da2137da30ca9f9b652a0be7e749a8b,updated active commands,3471e10a25247404c892962facaf846c65c3d1edac5f9f6d45d6e211510f9ee4,indexes / active links / historical path,Group by responsibility; preserve current behavior and evidence.
src/drone_uwb/test/test_sitl_odometry_contract.py,src/drone_uwb/test/integration/test_sitl_odometry_contract.py,regression tests,validation,7e07f1d5a6f058709c77b62b6dd17abeed767e9b8a95f89af44eee878d77abcf,updated active commands,4cea5f5d4a1076e9682123c8aef52662036a0a53e8034b404dc4f1cb4a843f83,indexes / active links / historical path,Group by responsibility; preserve current behavior and evidence.
src/drone_uwb/test/test_sitl_target_contract.py,src/drone_uwb/test/integration/test_sitl_target_contract.py,regression tests,validation,44583da1bf05d651e4cdf999099d0c422f405107809d1cbaa0f3955fa959a041,updated active commands,4402e5524feeb4ed17509bf2df964afad83fc4175d3fbabbc48865630e8c44d0,indexes / active links / historical path,Group by responsibility; preserve current behavior and evidence.
src/drone_uwb/test/test_sitl_timesync.py,src/drone_uwb/test/integration/test_sitl_timesync.py,regression tests,validation,3aa3b45d8acd0a47812578d0600de35a9d7ad7a1ba682de523a5303814f6a46d,updated active commands,dc759eda370f3aa2d25a6cb3a051d0747c1f9707f88c29ff1c67b891a71869b4,indexes / active links / historical path,Group by responsibility; preserve current behavior and evidence.
src/drone_uwb/test/test_static_a.py,src/drone_uwb/test/experiments/test_static_a.py,regression tests,validation,8f2b1be4faf9e9a2225fd1652aeeb8c8823179b9bbd53cd0c503281e42d12cf2,updated active commands,4509f08342df824ff6d0ab31b02dd7b6d760e947a562ec6d678febf25881afeb,indexes / active links / historical path,Group by responsibility; preserve current behavior and evidence.
src/drone_uwb/test/test_subset_comparison.py,src/drone_uwb/test/experiments/test_subset_comparison.py,regression tests,validation,77c1475f01c3e06691e0e55fce426d996a3a34222c1c5e35f1c2c4ee8f4a3ad2,updated active commands,77c1475f01c3e06691e0e55fce426d996a3a34222c1c5e35f1c2c4ee8f4a3ad2,indexes / active links / historical path,Group by responsibility; preserve current behavior and evidence.
src/drone_uwb/test/test_subset_models.py,src/drone_uwb/test/experiments/test_subset_models.py,regression tests,validation,33a7e4d0698773effb2e731b933a9cc6c81e5ac2247d5785881bbb1bc2ffe0ce,updated active commands,df91cde51232d054993d458e292d47fa28a9d101caa00704c5eaf0a178326e0a,indexes / active links / historical path,Group by responsibility; preserve current behavior and evidence.
src/drone_uwb/test/test_weighted_xy.py,src/drone_uwb/test/processing/test_weighted_xy.py,regression tests,validation,e47c154ffbb50f9d01fb2004dde16a008fdb98f44a085659bd4182309c2312d6,updated active commands,f21adad1f79f8ca219f34fcb2d06ac2f69cd90179d1d635b167c954e2b5ad5c1,indexes / active links / historical path,Group by responsibility; preserve current behavior and evidence.
