query,command,instance,field,value
4,listener sensor_selection -n 1,,timestamp,612537 (99.799103 seconds ago)
4,listener sensor_selection -n 1,,accel_device_id,"6946826 (Type: 0x6A, SPI:1 (0x00))"
4,listener sensor_selection -n 1,,gyro_device_id,"6684682 (Type: 0x66, SPI:1 (0x00))"
5,listener sensor_accel -n 1,0,timestamp,100424646 (0.001082 seconds ago)
5,listener sensor_accel -n 1,0,timestamp_sample,100424509 (137 us before timestamp)
5,listener sensor_accel -n 1,0,device_id,"6946826 (Type: 0x6A, SPI:1 (0x00))"
5,listener sensor_accel -n 1,0,x,0.03411
5,listener sensor_accel -n 1,0,y,0.19572
5,listener sensor_accel -n 1,0,z,-9.78989
5,listener sensor_accel -n 1,0,temperature,30.25000
5,listener sensor_accel -n 1,0,error_count,0
5,listener sensor_accel -n 1,0,clip_counter,"[0, 0, 0]"
5,listener sensor_accel -n 1,0,samples,2
5,listener sensor_accel -n 1,1,timestamp,100440764 (0.000650 seconds ago)
5,listener sensor_accel -n 1,1,timestamp_sample,100440658 (106 us before timestamp)
5,listener sensor_accel -n 1,1,device_id,"2490378 (Type: 0x26, SPI:1 (0x00))"
5,listener sensor_accel -n 1,1,x,0.18698
5,listener sensor_accel -n 1,1,y,0.13766
5,listener sensor_accel -n 1,1,z,-9.83969
5,listener sensor_accel -n 1,1,temperature,31.89010
5,listener sensor_accel -n 1,1,error_count,0
5,listener sensor_accel -n 1,1,clip_counter,"[0, 0, 0]"
5,listener sensor_accel -n 1,1,samples,10
6,listener sensor_gyro -n 1,0,timestamp,100463585 (0.001197 seconds ago)
6,listener sensor_gyro -n 1,0,timestamp_sample,100463487 (98 us before timestamp)
6,listener sensor_gyro -n 1,0,device_id,"6684682 (Type: 0x66, SPI:1 (0x00))"
6,listener sensor_gyro -n 1,0,x,0.01065
6,listener sensor_gyro -n 1,0,y,-0.00923
6,listener sensor_gyro -n 1,0,z,-0.00887
6,listener sensor_gyro -n 1,0,temperature,nan
6,listener sensor_gyro -n 1,0,error_count,0
6,listener sensor_gyro -n 1,0,clip_counter,"[0, 0, 0]"
6,listener sensor_gyro -n 1,0,samples,3
6,listener sensor_gyro -n 1,1,timestamp,100478260 (0.000150 seconds ago)
6,listener sensor_gyro -n 1,1,timestamp_sample,100478164 (96 us before timestamp)
6,listener sensor_gyro -n 1,1,device_id,"2490378 (Type: 0x26, SPI:1 (0x00))"
6,listener sensor_gyro -n 1,1,x,-0.00893
6,listener sensor_gyro -n 1,1,y,-0.01449
6,listener sensor_gyro -n 1,1,z,-0.00219
6,listener sensor_gyro -n 1,1,temperature,32.01691
6,listener sensor_gyro -n 1,1,error_count,0
6,listener sensor_gyro -n 1,1,clip_counter,"[0, 0, 0]"
6,listener sensor_gyro -n 1,1,samples,10
7,listener vehicle_imu -n 1,0,timestamp,100493637 (0.004042 seconds ago)
7,listener vehicle_imu -n 1,0,timestamp_sample,100493490 (147 us before timestamp)
7,listener vehicle_imu -n 1,0,accel_device_id,"6946826 (Type: 0x6A, SPI:1 (0x00))"
7,listener vehicle_imu -n 1,0,gyro_device_id,"6684682 (Type: 0x66, SPI:1 (0x00))"
7,listener vehicle_imu -n 1,0,delta_angle,"[0.00001, 0.00000, -0.00007]"
7,listener vehicle_imu -n 1,0,delta_velocity,"[-0.00400, -0.00012, -0.04885]"
7,listener vehicle_imu -n 1,0,delta_angle_dt,6001
7,listener vehicle_imu -n 1,0,delta_velocity_dt,4980
7,listener vehicle_imu -n 1,0,delta_angle_clipping,0
7,listener vehicle_imu -n 1,0,delta_velocity_clipping,0
7,listener vehicle_imu -n 1,0,accel_calibration_count,1
7,listener vehicle_imu -n 1,0,gyro_calibration_count,1
7,listener vehicle_imu -n 1,1,timestamp,100515822 (0.002944 seconds ago)
7,listener vehicle_imu -n 1,1,timestamp_sample,100515671 (151 us before timestamp)
7,listener vehicle_imu -n 1,1,accel_device_id,"2490378 (Type: 0x26, SPI:1 (0x00))"
7,listener vehicle_imu -n 1,1,gyro_device_id,"2490378 (Type: 0x26, SPI:1 (0x00))"
7,listener vehicle_imu -n 1,1,delta_angle,"[0.00001, -0.00000, -0.00001]"
7,listener vehicle_imu -n 1,1,delta_velocity,"[-0.00379, -0.00066, -0.04886]"
7,listener vehicle_imu -n 1,1,delta_angle_dt,5001
7,listener vehicle_imu -n 1,1,delta_velocity_dt,5001
7,listener vehicle_imu -n 1,1,delta_angle_clipping,0
7,listener vehicle_imu -n 1,1,delta_velocity_clipping,0
7,listener vehicle_imu -n 1,1,accel_calibration_count,1
7,listener vehicle_imu -n 1,1,gyro_calibration_count,1
8,listener sensor_mag -n 1,,timestamp,100526056 (0.017941 seconds ago)
8,listener sensor_mag -n 1,,timestamp_sample,100525116 (940 us before timestamp)
8,listener sensor_mag -n 1,,device_id,"396321 (Type: 0x06, I2C:4 (0x0C))"
8,listener sensor_mag -n 1,,x,-0.09090
8,listener sensor_mag -n 1,,y,-0.15606
8,listener sensor_mag -n 1,,z,0.38787
8,listener sensor_mag -n 1,,temperature,nan
8,listener sensor_mag -n 1,,error_count,1
9,listener sensor_baro -n 1,,timestamp,100557284 (0.004163 seconds ago)
9,listener sensor_baro -n 1,,timestamp_sample,100556704 (580 us before timestamp)
9,listener sensor_baro -n 1,,device_id,"4028193 (Type: 0x3D, I2C:4 (0x77))"
9,listener sensor_baro -n 1,,pressure,101149.00000
9,listener sensor_baro -n 1,,temperature,32.59000
9,listener sensor_baro -n 1,,error_count,0
10,listener vehicle_attitude -n 1,,timestamp,100573211 (0.007526 seconds ago)
10,listener vehicle_attitude -n 1,,timestamp_sample,100572996 (215 us before timestamp)
10,listener vehicle_attitude -n 1,,q,"[0.99916, 0.00186, -0.04093, -0.00093] (Roll: 0.2 deg, Pitch: -4.7 deg, Yaw: -0.1 deg)"
10,listener vehicle_attitude -n 1,,delta_q_reset,"[1.00000, 0.00000, 0.00000, 0.00000]"
10,listener vehicle_attitude -n 1,,quat_reset_counter,0
11,listener vehicle_local_position -n 1,,timestamp,100593252 (0.006413 seconds ago)
11,listener vehicle_local_position -n 1,,timestamp_sample,100592497 (755 us before timestamp)
11,listener vehicle_local_position -n 1,,ref_timestamp,0
11,listener vehicle_local_position -n 1,,ref_lat,nan
11,listener vehicle_local_position -n 1,,ref_lon,nan
11,listener vehicle_local_position -n 1,,x,-0.00517
11,listener vehicle_local_position -n 1,,y,-0.00073
11,listener vehicle_local_position -n 1,,z,-0.26052
11,listener vehicle_local_position -n 1,,delta_xy,"[0.00000, 0.00000]"
11,listener vehicle_local_position -n 1,,delta_z,0.00000
11,listener vehicle_local_position -n 1,,vx,-0.00370
11,listener vehicle_local_position -n 1,,vy,-0.00148
11,listener vehicle_local_position -n 1,,vz,0.00567
11,listener vehicle_local_position -n 1,,z_deriv,-0.00597
11,listener vehicle_local_position -n 1,,delta_vxy,"[0.00414, 0.00195]"
11,listener vehicle_local_position -n 1,,delta_vz,0.00044
11,listener vehicle_local_position -n 1,,ax,-0.01483
11,listener vehicle_local_position -n 1,,ay,0.01406
11,listener vehicle_local_position -n 1,,az,0.00404
11,listener vehicle_local_position -n 1,,heading,-0.00203
11,listener vehicle_local_position -n 1,,heading_var,0.00491
11,listener vehicle_local_position -n 1,,unaided_heading,-0.02203
11,listener vehicle_local_position -n 1,,delta_heading,0.00000
11,listener vehicle_local_position -n 1,,tilt_var,0.00017
11,listener vehicle_local_position -n 1,,ref_alt,nan
11,listener vehicle_local_position -n 1,,dist_bottom,0.10088
11,listener vehicle_local_position -n 1,,dist_bottom_var,0.01000
11,listener vehicle_local_position -n 1,,delta_dist_bottom,0.00000
11,listener vehicle_local_position -n 1,,eph,0.01084
11,listener vehicle_local_position -n 1,,epv,0.27277
11,listener vehicle_local_position -n 1,,evh,0.03606
11,listener vehicle_local_position -n 1,,evv,0.05608
11,listener vehicle_local_position -n 1,,vxy_max,inf
11,listener vehicle_local_position -n 1,,vz_max,inf
11,listener vehicle_local_position -n 1,,hagl_min,inf
11,listener vehicle_local_position -n 1,,hagl_max_z,inf
11,listener vehicle_local_position -n 1,,hagl_max_xy,inf
11,listener vehicle_local_position -n 1,,xy_valid,False
11,listener vehicle_local_position -n 1,,z_valid,True
11,listener vehicle_local_position -n 1,,v_xy_valid,False
11,listener vehicle_local_position -n 1,,v_z_valid,True
11,listener vehicle_local_position -n 1,,xy_reset_counter,1
11,listener vehicle_local_position -n 1,,z_reset_counter,1
11,listener vehicle_local_position -n 1,,vxy_reset_counter,1
11,listener vehicle_local_position -n 1,,vz_reset_counter,1
11,listener vehicle_local_position -n 1,,heading_reset_counter,0
11,listener vehicle_local_position -n 1,,heading_good_for_control,False
11,listener vehicle_local_position -n 1,,xy_global,False
11,listener vehicle_local_position -n 1,,z_global,False
11,listener vehicle_local_position -n 1,,dist_bottom_valid,False
11,listener vehicle_local_position -n 1,,dist_bottom_reset_counter,1
11,listener vehicle_local_position -n 1,,dist_bottom_sensor_bitfield,0
11,listener vehicle_local_position -n 1,,dead_reckoning,True
13,listener vehicle_angular_velocity -n 1,,timestamp,100661613 (0.001090 seconds ago)
13,listener vehicle_angular_velocity -n 1,,timestamp_sample,100661550 (63 us before timestamp)
13,listener vehicle_angular_velocity -n 1,,xyz,"[-0.00051, -0.00513, -0.00045]"
13,listener vehicle_angular_velocity -n 1,,xyz_derivative,"[-0.15913, -0.39337, -0.18024]"
14,listener vehicle_acceleration -n 1,,timestamp,100673658 (0.004217 seconds ago)
14,listener vehicle_acceleration -n 1,,timestamp_sample,100673513 (145 us before timestamp)
14,listener vehicle_acceleration -n 1,,xyz,"[-0.79526, -0.05714, -9.75165]"
15,listener vehicle_air_data -n 1,,timestamp,100676131 (0.013554 seconds ago)
15,listener vehicle_air_data -n 1,,timestamp_sample,100651227 (24904 us before timestamp)
15,listener vehicle_air_data -n 1,,baro_device_id,"4028193 (Type: 0x3D, I2C:4 (0x77))"
15,listener vehicle_air_data -n 1,,baro_alt_meter,14.45613
15,listener vehicle_air_data -n 1,,baro_pressure_pa,101151.50000
15,listener vehicle_air_data -n 1,,ambient_temperature,15.00000
15,listener vehicle_air_data -n 1,,rho,1.22270
15,listener vehicle_air_data -n 1,,temperature_source,0
15,listener vehicle_air_data -n 1,,calibration_count,0
16,listener vehicle_magnetometer -n 1,,timestamp,100677677 (0.030012 seconds ago)
16,listener vehicle_magnetometer -n 1,,timestamp_sample,100676319 (1358 us before timestamp)
16,listener vehicle_magnetometer -n 1,,device_id,"396321 (Type: 0x06, I2C:4 (0x0C))"
16,listener vehicle_magnetometer -n 1,,magnetometer_ga,"[-0.25555, -0.41690, 0.70310]"
16,listener vehicle_magnetometer -n 1,,calibration_count,3
17,listener estimator_status -n 1,0,timestamp,100712999 (0.009753 seconds ago)
17,listener estimator_status -n 1,0,timestamp_sample,100523492 (189507 us before timestamp)
17,listener estimator_status -n 1,0,control_mode_flags,2216807170561 (0b10'0000'0100'0010'0100'0000'0001'0000'0010'0000'0001)
17,listener estimator_status -n 1,0,output_tracking_error,"[0.00009, 0.00030, 0.00032]"
17,listener estimator_status -n 1,0,filter_fault_flags,0
17,listener estimator_status -n 1,0,pos_horiz_accuracy,0.01413
17,listener estimator_status -n 1,0,pos_vert_accuracy,0.27396
17,listener estimator_status -n 1,0,hdg_test_ratio,nan
17,listener estimator_status -n 1,0,vel_test_ratio,nan
17,listener estimator_status -n 1,0,pos_test_ratio,nan
17,listener estimator_status -n 1,0,hgt_test_ratio,0.00556
17,listener estimator_status -n 1,0,tas_test_ratio,nan
17,listener estimator_status -n 1,0,hagl_test_ratio,nan
17,listener estimator_status -n 1,0,beta_test_ratio,nan
17,listener estimator_status -n 1,0,time_slip,0.00000
17,listener estimator_status -n 1,0,accel_device_id,"6946826 (Type: 0x6A, SPI:1 (0x00))"
17,listener estimator_status -n 1,0,gyro_device_id,"6684682 (Type: 0x66, SPI:1 (0x00))"
17,listener estimator_status -n 1,0,baro_device_id,"4028193 (Type: 0x3D, I2C:4 (0x77))"
17,listener estimator_status -n 1,0,mag_device_id,"396321 (Type: 0x06, I2C:4 (0x0C))"
17,listener estimator_status -n 1,0,mag_inclination_deg,52.28046
17,listener estimator_status -n 1,0,mag_inclination_ref_deg,nan
17,listener estimator_status -n 1,0,mag_strength_gs,0.85549
17,listener estimator_status -n 1,0,mag_strength_ref_gs,nan
17,listener estimator_status -n 1,0,gps_check_fail_flags,0
17,listener estimator_status -n 1,0,solution_status_flags,165 (0b1010'0101)
17,listener estimator_status -n 1,0,reset_count_vel_ne,1
17,listener estimator_status -n 1,0,reset_count_vel_d,1
17,listener estimator_status -n 1,0,reset_count_pos_ne,1
17,listener estimator_status -n 1,0,reset_count_pod_d,1
17,listener estimator_status -n 1,0,reset_count_quat,0
17,listener estimator_status -n 1,0,pre_flt_fail_innov_heading,False
17,listener estimator_status -n 1,0,pre_flt_fail_innov_height,False
17,listener estimator_status -n 1,0,pre_flt_fail_innov_pos_horiz,False
17,listener estimator_status -n 1,0,pre_flt_fail_innov_vel_horiz,False
17,listener estimator_status -n 1,0,pre_flt_fail_innov_vel_vert,False
17,listener estimator_status -n 1,0,pre_flt_fail_mag_field_disturbed,True
17,listener estimator_status -n 1,0,health_flags,0
17,listener estimator_status -n 1,0,timeout_flags,0
17,listener estimator_status -n 1,1,timestamp,100786736 (0.002112 seconds ago)
17,listener estimator_status -n 1,1,timestamp_sample,100595685 (191051 us before timestamp)
17,listener estimator_status -n 1,1,control_mode_flags,2216807170561 (0b10'0000'0100'0010'0100'0000'0001'0000'0010'0000'0001)
17,listener estimator_status -n 1,1,output_tracking_error,"[0.00004, 0.00055, 0.00167]"
17,listener estimator_status -n 1,1,filter_fault_flags,0
17,listener estimator_status -n 1,1,pos_horiz_accuracy,0.01252
17,listener estimator_status -n 1,1,pos_vert_accuracy,0.27086
17,listener estimator_status -n 1,1,hdg_test_ratio,nan
17,listener estimator_status -n 1,1,vel_test_ratio,nan
17,listener estimator_status -n 1,1,pos_test_ratio,nan
17,listener estimator_status -n 1,1,hgt_test_ratio,0.00650
17,listener estimator_status -n 1,1,tas_test_ratio,nan
17,listener estimator_status -n 1,1,hagl_test_ratio,nan
17,listener estimator_status -n 1,1,beta_test_ratio,nan
17,listener estimator_status -n 1,1,time_slip,0.00000
17,listener estimator_status -n 1,1,accel_device_id,"2490378 (Type: 0x26, SPI:1 (0x00))"
17,listener estimator_status -n 1,1,gyro_device_id,"2490378 (Type: 0x26, SPI:1 (0x00))"
17,listener estimator_status -n 1,1,baro_device_id,"4028193 (Type: 0x3D, I2C:4 (0x77))"
17,listener estimator_status -n 1,1,mag_device_id,"396321 (Type: 0x06, I2C:4 (0x0C))"
17,listener estimator_status -n 1,1,mag_inclination_deg,51.95457
17,listener estimator_status -n 1,1,mag_inclination_ref_deg,nan
17,listener estimator_status -n 1,1,mag_strength_gs,0.85549
17,listener estimator_status -n 1,1,mag_strength_ref_gs,nan
17,listener estimator_status -n 1,1,gps_check_fail_flags,0
17,listener estimator_status -n 1,1,solution_status_flags,165 (0b1010'0101)
17,listener estimator_status -n 1,1,reset_count_vel_ne,1
17,listener estimator_status -n 1,1,reset_count_vel_d,1
17,listener estimator_status -n 1,1,reset_count_pos_ne,1
17,listener estimator_status -n 1,1,reset_count_pod_d,1
17,listener estimator_status -n 1,1,reset_count_quat,0
17,listener estimator_status -n 1,1,pre_flt_fail_innov_heading,False
17,listener estimator_status -n 1,1,pre_flt_fail_innov_height,False
17,listener estimator_status -n 1,1,pre_flt_fail_innov_pos_horiz,False
17,listener estimator_status -n 1,1,pre_flt_fail_innov_vel_horiz,False
17,listener estimator_status -n 1,1,pre_flt_fail_innov_vel_vert,False
17,listener estimator_status -n 1,1,pre_flt_fail_mag_field_disturbed,True
17,listener estimator_status -n 1,1,health_flags,0
17,listener estimator_status -n 1,1,timeout_flags,0
18,listener estimator_status_flags -n 1,0,timestamp,100275508 (0.582245 seconds ago)
18,listener estimator_status_flags -n 1,0,timestamp_sample,100077959 (197549 us before timestamp)
18,listener estimator_status_flags -n 1,0,control_status_changes,48
18,listener estimator_status_flags -n 1,0,fault_status_changes,0
18,listener estimator_status_flags -n 1,0,innovation_fault_status_changes,1
18,listener estimator_status_flags -n 1,0,cs_tilt_align,True
18,listener estimator_status_flags -n 1,0,cs_yaw_align,False
18,listener estimator_status_flags -n 1,0,cs_gnss_pos,False
18,listener estimator_status_flags -n 1,0,cs_opt_flow,False
18,listener estimator_status_flags -n 1,0,cs_mag_hdg,False
18,listener estimator_status_flags -n 1,0,cs_mag_3d,False
18,listener estimator_status_flags -n 1,0,cs_mag_dec,False
18,listener estimator_status_flags -n 1,0,cs_in_air,False
18,listener estimator_status_flags -n 1,0,cs_wind,False
18,listener estimator_status_flags -n 1,0,cs_baro_hgt,True
18,listener estimator_status_flags -n 1,0,cs_rng_hgt,False
18,listener estimator_status_flags -n 1,0,cs_gps_hgt,False
18,listener estimator_status_flags -n 1,0,cs_ev_pos,False
18,listener estimator_status_flags -n 1,0,cs_ev_yaw,False
18,listener estimator_status_flags -n 1,0,cs_ev_hgt,False
18,listener estimator_status_flags -n 1,0,cs_fuse_beta,False
18,listener estimator_status_flags -n 1,0,cs_mag_field_disturbed,True
18,listener estimator_status_flags -n 1,0,cs_fixed_wing,False
18,listener estimator_status_flags -n 1,0,cs_mag_fault,False
18,listener estimator_status_flags -n 1,0,cs_fuse_aspd,False
18,listener estimator_status_flags -n 1,0,cs_gnd_effect,False
18,listener estimator_status_flags -n 1,0,cs_rng_stuck,False
18,listener estimator_status_flags -n 1,0,cs_gnss_yaw,False
18,listener estimator_status_flags -n 1,0,cs_mag_aligned_in_flight,False
18,listener estimator_status_flags -n 1,0,cs_ev_vel,False
18,listener estimator_status_flags -n 1,0,cs_synthetic_mag_z,False
18,listener estimator_status_flags -n 1,0,cs_vehicle_at_rest,True
18,listener estimator_status_flags -n 1,0,cs_gnss_yaw_fault,False
18,listener estimator_status_flags -n 1,0,cs_rng_fault,False
18,listener estimator_status_flags -n 1,0,cs_inertial_dead_reckoning,True
18,listener estimator_status_flags -n 1,0,cs_wind_dead_reckoning,False
18,listener estimator_status_flags -n 1,0,cs_rng_kin_consistent,False
18,listener estimator_status_flags -n 1,0,cs_fake_pos,False
18,listener estimator_status_flags -n 1,0,cs_fake_hgt,False
18,listener estimator_status_flags -n 1,0,cs_gravity_vector,True
18,listener estimator_status_flags -n 1,0,cs_mag,False
18,listener estimator_status_flags -n 1,0,cs_ev_yaw_fault,False
18,listener estimator_status_flags -n 1,0,cs_mag_heading_consistent,False
18,listener estimator_status_flags -n 1,0,cs_aux_gpos,False
18,listener estimator_status_flags -n 1,0,cs_rng_terrain,False
18,listener estimator_status_flags -n 1,0,cs_opt_flow_terrain,False
18,listener estimator_status_flags -n 1,0,cs_valid_fake_pos,True
18,listener estimator_status_flags -n 1,0,cs_constant_pos,False
18,listener estimator_status_flags -n 1,0,cs_baro_fault,False
18,listener estimator_status_flags -n 1,0,cs_gnss_vel,False
18,listener estimator_status_flags -n 1,0,fs_bad_mag_x,False
18,listener estimator_status_flags -n 1,0,fs_bad_mag_y,False
18,listener estimator_status_flags -n 1,0,fs_bad_mag_z,False
18,listener estimator_status_flags -n 1,0,fs_bad_hdg,False
18,listener estimator_status_flags -n 1,0,fs_bad_mag_decl,False
18,listener estimator_status_flags -n 1,0,fs_bad_airspeed,False
18,listener estimator_status_flags -n 1,0,fs_bad_sideslip,False
18,listener estimator_status_flags -n 1,0,fs_bad_optflow_x,False
18,listener estimator_status_flags -n 1,0,fs_bad_optflow_y,False
18,listener estimator_status_flags -n 1,0,fs_bad_acc_vertical,False
18,listener estimator_status_flags -n 1,0,fs_bad_acc_clipping,False
18,listener estimator_status_flags -n 1,0,reject_hor_vel,False
18,listener estimator_status_flags -n 1,0,reject_ver_vel,False
18,listener estimator_status_flags -n 1,0,reject_hor_pos,False
18,listener estimator_status_flags -n 1,0,reject_ver_pos,False
18,listener estimator_status_flags -n 1,0,reject_yaw,False
18,listener estimator_status_flags -n 1,0,reject_airspeed,False
18,listener estimator_status_flags -n 1,0,reject_sideslip,False
18,listener estimator_status_flags -n 1,0,reject_hagl,False
18,listener estimator_status_flags -n 1,0,reject_optflow_x,False
18,listener estimator_status_flags -n 1,0,reject_optflow_y,False
18,listener estimator_status_flags -n 1,1,timestamp,100306300 (0.641438 seconds ago)
18,listener estimator_status_flags -n 1,1,timestamp_sample,100115602 (190698 us before timestamp)
18,listener estimator_status_flags -n 1,1,control_status_changes,47
18,listener estimator_status_flags -n 1,1,fault_status_changes,0
18,listener estimator_status_flags -n 1,1,innovation_fault_status_changes,1
18,listener estimator_status_flags -n 1,1,cs_tilt_align,True
18,listener estimator_status_flags -n 1,1,cs_yaw_align,False
18,listener estimator_status_flags -n 1,1,cs_gnss_pos,False
18,listener estimator_status_flags -n 1,1,cs_opt_flow,False
18,listener estimator_status_flags -n 1,1,cs_mag_hdg,False
18,listener estimator_status_flags -n 1,1,cs_mag_3d,False
18,listener estimator_status_flags -n 1,1,cs_mag_dec,False
18,listener estimator_status_flags -n 1,1,cs_in_air,False
18,listener estimator_status_flags -n 1,1,cs_wind,False
18,listener estimator_status_flags -n 1,1,cs_baro_hgt,True
18,listener estimator_status_flags -n 1,1,cs_rng_hgt,False
18,listener estimator_status_flags -n 1,1,cs_gps_hgt,False
18,listener estimator_status_flags -n 1,1,cs_ev_pos,False
18,listener estimator_status_flags -n 1,1,cs_ev_yaw,False
18,listener estimator_status_flags -n 1,1,cs_ev_hgt,False
18,listener estimator_status_flags -n 1,1,cs_fuse_beta,False
18,listener estimator_status_flags -n 1,1,cs_mag_field_disturbed,True
18,listener estimator_status_flags -n 1,1,cs_fixed_wing,False
18,listener estimator_status_flags -n 1,1,cs_mag_fault,False
18,listener estimator_status_flags -n 1,1,cs_fuse_aspd,False
18,listener estimator_status_flags -n 1,1,cs_gnd_effect,False
18,listener estimator_status_flags -n 1,1,cs_rng_stuck,False
18,listener estimator_status_flags -n 1,1,cs_gnss_yaw,False
18,listener estimator_status_flags -n 1,1,cs_mag_aligned_in_flight,False
18,listener estimator_status_flags -n 1,1,cs_ev_vel,False
18,listener estimator_status_flags -n 1,1,cs_synthetic_mag_z,False
18,listener estimator_status_flags -n 1,1,cs_vehicle_at_rest,True
18,listener estimator_status_flags -n 1,1,cs_gnss_yaw_fault,False
18,listener estimator_status_flags -n 1,1,cs_rng_fault,False
18,listener estimator_status_flags -n 1,1,cs_inertial_dead_reckoning,True
18,listener estimator_status_flags -n 1,1,cs_wind_dead_reckoning,False
18,listener estimator_status_flags -n 1,1,cs_rng_kin_consistent,False
18,listener estimator_status_flags -n 1,1,cs_fake_pos,False
18,listener estimator_status_flags -n 1,1,cs_fake_hgt,False
18,listener estimator_status_flags -n 1,1,cs_gravity_vector,True
18,listener estimator_status_flags -n 1,1,cs_mag,False
18,listener estimator_status_flags -n 1,1,cs_ev_yaw_fault,False
18,listener estimator_status_flags -n 1,1,cs_mag_heading_consistent,False
18,listener estimator_status_flags -n 1,1,cs_aux_gpos,False
18,listener estimator_status_flags -n 1,1,cs_rng_terrain,False
18,listener estimator_status_flags -n 1,1,cs_opt_flow_terrain,False
18,listener estimator_status_flags -n 1,1,cs_valid_fake_pos,True
18,listener estimator_status_flags -n 1,1,cs_constant_pos,False
18,listener estimator_status_flags -n 1,1,cs_baro_fault,False
18,listener estimator_status_flags -n 1,1,cs_gnss_vel,False
18,listener estimator_status_flags -n 1,1,fs_bad_mag_x,False
18,listener estimator_status_flags -n 1,1,fs_bad_mag_y,False
18,listener estimator_status_flags -n 1,1,fs_bad_mag_z,False
18,listener estimator_status_flags -n 1,1,fs_bad_hdg,False
18,listener estimator_status_flags -n 1,1,fs_bad_mag_decl,False
18,listener estimator_status_flags -n 1,1,fs_bad_airspeed,False
18,listener estimator_status_flags -n 1,1,fs_bad_sideslip,False
18,listener estimator_status_flags -n 1,1,fs_bad_optflow_x,False
18,listener estimator_status_flags -n 1,1,fs_bad_optflow_y,False
18,listener estimator_status_flags -n 1,1,fs_bad_acc_vertical,False
18,listener estimator_status_flags -n 1,1,fs_bad_acc_clipping,False
18,listener estimator_status_flags -n 1,1,reject_hor_vel,False
18,listener estimator_status_flags -n 1,1,reject_ver_vel,False
18,listener estimator_status_flags -n 1,1,reject_hor_pos,False
18,listener estimator_status_flags -n 1,1,reject_ver_pos,False
18,listener estimator_status_flags -n 1,1,reject_yaw,False
18,listener estimator_status_flags -n 1,1,reject_airspeed,False
18,listener estimator_status_flags -n 1,1,reject_sideslip,False
18,listener estimator_status_flags -n 1,1,reject_hagl,False
18,listener estimator_status_flags -n 1,1,reject_optflow_x,False
18,listener estimator_status_flags -n 1,1,reject_optflow_y,False
19,listener estimator_sensor_bias -n 1,0,timestamp,100177446 (0.866323 seconds ago)
19,listener estimator_sensor_bias -n 1,0,timestamp_sample,99984952 (192494 us before timestamp)
19,listener estimator_sensor_bias -n 1,0,gyro_device_id,"6684682 (Type: 0x66, SPI:1 (0x00))"
19,listener estimator_sensor_bias -n 1,0,gyro_bias,"[-0.00035, -0.00101, -0.00977]"
19,listener estimator_sensor_bias -n 1,0,gyro_bias_limit,0.15000
19,listener estimator_sensor_bias -n 1,0,gyro_bias_variance,"[0.00000, 0.00000, 0.00000]"
19,listener estimator_sensor_bias -n 1,0,accel_device_id,"6946826 (Type: 0x6A, SPI:1 (0x00))"
19,listener estimator_sensor_bias -n 1,0,accel_bias,"[-0.00242, -0.00092, -0.01804]"
19,listener estimator_sensor_bias -n 1,0,accel_bias_limit,0.40000
19,listener estimator_sensor_bias -n 1,0,accel_bias_variance,"[0.00773, 0.00779, 0.00006]"
19,listener estimator_sensor_bias -n 1,0,mag_device_id,"396321 (Type: 0x06, I2C:4 (0x0C))"
19,listener estimator_sensor_bias -n 1,0,mag_bias,"[0.00000, 0.00000, 0.00000]"
19,listener estimator_sensor_bias -n 1,0,mag_bias_limit,0.50000
19,listener estimator_sensor_bias -n 1,0,mag_bias_variance,"[0.00250, 0.00250, 0.00250]"
19,listener estimator_sensor_bias -n 1,0,gyro_bias_valid,True
19,listener estimator_sensor_bias -n 1,0,gyro_bias_stable,True
19,listener estimator_sensor_bias -n 1,0,accel_bias_valid,True
19,listener estimator_sensor_bias -n 1,0,accel_bias_stable,False
19,listener estimator_sensor_bias -n 1,0,mag_bias_valid,True
19,listener estimator_sensor_bias -n 1,0,mag_bias_stable,False
19,listener estimator_sensor_bias -n 1,1,timestamp,100906338 (0.182147 seconds ago)
19,listener estimator_sensor_bias -n 1,1,timestamp_sample,100715705 (190633 us before timestamp)
19,listener estimator_sensor_bias -n 1,1,gyro_device_id,"2490378 (Type: 0x26, SPI:1 (0x00))"
19,listener estimator_sensor_bias -n 1,1,gyro_bias,"[0.00167, -0.00049, -0.00248]"
19,listener estimator_sensor_bias -n 1,1,gyro_bias_limit,0.15000
19,listener estimator_sensor_bias -n 1,1,gyro_bias_variance,"[0.00000, 0.00000, 0.00000]"
19,listener estimator_sensor_bias -n 1,1,accel_device_id,"2490378 (Type: 0x26, SPI:1 (0x00))"
19,listener estimator_sensor_bias -n 1,1,accel_bias,"[0.00117, 0.00086, 0.00750]"
19,listener estimator_sensor_bias -n 1,1,accel_bias_limit,0.40000
19,listener estimator_sensor_bias -n 1,1,accel_bias_variance,"[0.00764, 0.00769, 0.00006]"
19,listener estimator_sensor_bias -n 1,1,mag_device_id,"396321 (Type: 0x06, I2C:4 (0x0C))"
19,listener estimator_sensor_bias -n 1,1,mag_bias,"[0.00000, 0.00000, 0.00000]"
19,listener estimator_sensor_bias -n 1,1,mag_bias_limit,0.50000
19,listener estimator_sensor_bias -n 1,1,mag_bias_variance,"[0.00250, 0.00250, 0.00250]"
19,listener estimator_sensor_bias -n 1,1,gyro_bias_valid,True
19,listener estimator_sensor_bias -n 1,1,gyro_bias_stable,True
19,listener estimator_sensor_bias -n 1,1,accel_bias_valid,True
19,listener estimator_sensor_bias -n 1,1,accel_bias_stable,False
19,listener estimator_sensor_bias -n 1,1,mag_bias_valid,True
19,listener estimator_sensor_bias -n 1,1,mag_bias_stable,False
20,listener vehicle_status -n 1,,timestamp,100810508 (0.324207 seconds ago)
20,listener vehicle_status -n 1,,armed_time,0
20,listener vehicle_status -n 1,,takeoff_time,0
20,listener vehicle_status -n 1,,nav_state_timestamp,541796
20,listener vehicle_status -n 1,,valid_nav_states_mask,2147411071
20,listener vehicle_status -n 1,,can_set_nav_states_mask,8307839
20,listener vehicle_status -n 1,,failure_detector_status,0
20,listener vehicle_status -n 1,,arming_state,1
20,listener vehicle_status -n 1,,latest_arming_reason,0
20,listener vehicle_status -n 1,,latest_disarming_reason,0
20,listener vehicle_status -n 1,,nav_state_user_intention,4
20,listener vehicle_status -n 1,,nav_state,4
20,listener vehicle_status -n 1,,executor_in_charge,0
20,listener vehicle_status -n 1,,hil_state,0
20,listener vehicle_status -n 1,,vehicle_type,1
20,listener vehicle_status -n 1,,failsafe,False
20,listener vehicle_status -n 1,,failsafe_and_user_took_over,False
20,listener vehicle_status -n 1,,failsafe_defer_state,0
20,listener vehicle_status -n 1,,gcs_connection_lost,True
20,listener vehicle_status -n 1,,gcs_connection_lost_counter,0
20,listener vehicle_status -n 1,,high_latency_data_link_lost,False
20,listener vehicle_status -n 1,,is_vtol,False
20,listener vehicle_status -n 1,,is_vtol_tailsitter,False
20,listener vehicle_status -n 1,,in_transition_mode,False
20,listener vehicle_status -n 1,,in_transition_to_fw,False
20,listener vehicle_status -n 1,,system_type,2
20,listener vehicle_status -n 1,,system_id,1
20,listener vehicle_status -n 1,,component_id,1
20,listener vehicle_status -n 1,,safety_button_available,True
20,listener vehicle_status -n 1,,safety_off,True
20,listener vehicle_status -n 1,,power_input_valid,True
20,listener vehicle_status -n 1,,usb_connected,True
20,listener vehicle_status -n 1,,open_drone_id_system_present,False
20,listener vehicle_status -n 1,,open_drone_id_system_healthy,False
20,listener vehicle_status -n 1,,parachute_system_present,False
20,listener vehicle_status -n 1,,parachute_system_healthy,False
20,listener vehicle_status -n 1,,rc_calibration_in_progress,False
20,listener vehicle_status -n 1,,calibration_enabled,False
20,listener vehicle_status -n 1,,pre_flight_checks_pass,False
21,listener vehicle_land_detected -n 1,,timestamp,100355105 (0.835509 seconds ago)
21,listener vehicle_land_detected -n 1,,freefall,False
21,listener vehicle_land_detected -n 1,,ground_contact,True
21,listener vehicle_land_detected -n 1,,maybe_landed,True
21,listener vehicle_land_detected -n 1,,landed,True
21,listener vehicle_land_detected -n 1,,in_ground_effect,True
21,listener vehicle_land_detected -n 1,,in_descend,True
21,listener vehicle_land_detected -n 1,,has_low_throttle,True
21,listener vehicle_land_detected -n 1,,vertical_movement,False
21,listener vehicle_land_detected -n 1,,horizontal_movement,False
21,listener vehicle_land_detected -n 1,,rotational_movement,False
21,listener vehicle_land_detected -n 1,,close_to_ground_or_skipped_check,True
21,listener vehicle_land_detected -n 1,,at_rest,True
22,listener failsafe_flags -n 1,,timestamp,100678652 (0.531191 seconds ago)
22,listener failsafe_flags -n 1,,mode_req_angular_velocity,8311934
22,listener failsafe_flags -n 1,,mode_req_attitude,8310910
22,listener failsafe_flags -n 1,,mode_req_local_alt,8257662
22,listener failsafe_flags -n 1,,mode_req_local_position,7995448
22,listener failsafe_flags -n 1,,mode_req_local_position_relaxed,262212
22,listener failsafe_flags -n 1,,mode_req_global_position,56
22,listener failsafe_flags -n 1,,mode_req_mission,8
22,listener failsafe_flags -n 1,,mode_req_offboard_signal,16384
22,listener failsafe_flags -n 1,,mode_req_home_position,32
22,listener failsafe_flags -n 1,,mode_req_wind_and_flight_time_compliance,2621464
22,listener failsafe_flags -n 1,,mode_req_prevent_arming,3944480
22,listener failsafe_flags -n 1,,mode_req_manual_control,33863
22,listener failsafe_flags -n 1,,mode_req_other,2139095040
22,listener failsafe_flags -n 1,,angular_velocity_invalid,False
22,listener failsafe_flags -n 1,,attitude_invalid,False
22,listener failsafe_flags -n 1,,local_altitude_invalid,False
22,listener failsafe_flags -n 1,,local_position_invalid,True
22,listener failsafe_flags -n 1,,local_position_invalid_relaxed,True
22,listener failsafe_flags -n 1,,local_velocity_invalid,True
22,listener failsafe_flags -n 1,,global_position_invalid,True
22,listener failsafe_flags -n 1,,auto_mission_missing,True
22,listener failsafe_flags -n 1,,offboard_control_signal_lost,True
22,listener failsafe_flags -n 1,,home_position_invalid,True
22,listener failsafe_flags -n 1,,manual_control_signal_lost,True
22,listener failsafe_flags -n 1,,gcs_connection_lost,True
22,listener failsafe_flags -n 1,,battery_warning,0
22,listener failsafe_flags -n 1,,battery_low_remaining_time,False
22,listener failsafe_flags -n 1,,battery_unhealthy,False
22,listener failsafe_flags -n 1,,geofence_breached,False
22,listener failsafe_flags -n 1,,mission_failure,False
22,listener failsafe_flags -n 1,,vtol_fixed_wing_system_failure,False
22,listener failsafe_flags -n 1,,wind_limit_exceeded,False
22,listener failsafe_flags -n 1,,flight_time_limit_exceeded,False
22,listener failsafe_flags -n 1,,local_position_accuracy_low,False
22,listener failsafe_flags -n 1,,navigator_failure,False
22,listener failsafe_flags -n 1,,fd_critical_failure,False
22,listener failsafe_flags -n 1,,fd_esc_arming_failure,False
22,listener failsafe_flags -n 1,,fd_imbalanced_prop,False
22,listener failsafe_flags -n 1,,fd_motor_failure,False
23,listener battery_status -n 1,,timestamp,101279384 (0.001045 seconds ago)
23,listener battery_status -n 1,,voltage_v,0.03919
23,listener battery_status -n 1,,current_a,0.08606
23,listener battery_status -n 1,,current_average_a,15.00000
23,listener battery_status -n 1,,discharged_mah,3.00699
23,listener battery_status -n 1,,remaining,-1.00000
23,listener battery_status -n 1,,scale,1.00000
23,listener battery_status -n 1,,time_remaining_s,nan
23,listener battery_status -n 1,,temperature,nan
23,listener battery_status -n 1,,voltage_cell_v,"[0.00000, 0.00000, 0.00000, 0.00000, 0.00000, 0.00000, 0.00000, 0.00000, 0.00000, 0.00000, 0.00000, 0.00000, 0.00000, 0.00000]"
23,listener battery_status -n 1,,max_cell_voltage_delta,0.00000
23,listener battery_status -n 1,,full_charge_capacity_wh,0.00000
23,listener battery_status -n 1,,remaining_capacity_wh,0.00000
23,listener battery_status -n 1,,nominal_voltage,0.00000
23,listener battery_status -n 1,,internal_resistance_estimate,0.00500
23,listener battery_status -n 1,,ocv_estimate,0.03919
23,listener battery_status -n 1,,ocv_estimate_filtered,0.00000
23,listener battery_status -n 1,,volt_based_soc_estimate,-1.00000
23,listener battery_status -n 1,,voltage_prediction,0.00000
23,listener battery_status -n 1,,prediction_error,0.00000
23,listener battery_status -n 1,,estimation_covariance_norm,0.00000
23,listener battery_status -n 1,,capacity,0
23,listener battery_status -n 1,,cycle_count,0
23,listener battery_status -n 1,,average_time_to_empty,0
23,listener battery_status -n 1,,serial_number,0
23,listener battery_status -n 1,,manufacture_date,0
23,listener battery_status -n 1,,state_of_health,0
23,listener battery_status -n 1,,max_error,0
23,listener battery_status -n 1,,interface_error,0
23,listener battery_status -n 1,,faults,0
23,listener battery_status -n 1,,over_discharge_count,0
23,listener battery_status -n 1,,connected,False
23,listener battery_status -n 1,,cell_count,0
23,listener battery_status -n 1,,source,0
23,listener battery_status -n 1,,priority,0
23,listener battery_status -n 1,,id,1
23,listener battery_status -n 1,,is_powering_off,False
23,listener battery_status -n 1,,is_required,False
23,listener battery_status -n 1,,warning,0
24,listener system_power -n 1,,timestamp,101329366 (0.005406 seconds ago)
24,listener system_power -n 1,,voltage5v_v,4.76591
24,listener system_power -n 1,,voltage_payload_v,0.00000
24,listener system_power -n 1,,sensors3v3,"[0.00000, 0.00000, 0.00000, 0.00000]"
24,listener system_power -n 1,,sensors3v3_valid,0
24,listener system_power -n 1,,usb_connected,1
24,listener system_power -n 1,,brick_valid,0
24,listener system_power -n 1,,usb_valid,1
24,listener system_power -n 1,,servo_valid,1
24,listener system_power -n 1,,periph_5v_oc,0
24,listener system_power -n 1,,hipower_5v_oc,0
24,listener system_power -n 1,,comp_5v_valid,0
24,listener system_power -n 1,,can1_gps1_5v_valid,0
24,listener system_power -n 1,,payload_v_valid,0
25,listener cpuload -n 1,,timestamp,101159771 (0.199150 seconds ago)
25,listener cpuload -n 1,,load,0.47086
25,listener cpuload -n 1,,ram_usage,0.30664
30,listener actuator_outputs -n 1,0,timestamp,536796 (100.852951 seconds ago)
30,listener actuator_outputs -n 1,0,noutputs,8
30,listener actuator_outputs -n 1,0,output,"[0.00000, 0.00000, 0.00000, 0.00000, 0.00000, 0.00000, 0.00000, 0.00000, 0.00000, 0.00000, 0.00000, 0.00000, 0.00000, 0.00000, 0.00000, 0.00000]"
30,listener actuator_outputs -n 1,1,timestamp,546471 (100.863167 seconds ago)
30,listener actuator_outputs -n 1,1,noutputs,8
30,listener actuator_outputs -n 1,1,output,"[1000.00000, 1000.00000, 1000.00000, 1000.00000, 1000.00000, 1000.00000, 1000.00000, 1000.00000, 0.00000, 0.00000, 0.00000, 0.00000, 0.00000, 0.00000, 0.00000, 0.00000]"
30,listener actuator_outputs -n 1,2,timestamp,1049522 (100.378296 seconds ago)
30,listener actuator_outputs -n 1,2,noutputs,8
30,listener actuator_outputs -n 1,2,output,"[0.00000, 0.00000, 0.00000, 0.00000, 0.00000, 0.00000, 0.00000, 0.00000, 0.00000, 0.00000, 0.00000, 0.00000, 0.00000, 0.00000, 0.00000, 0.00000]"
30,listener actuator_outputs -n 1,3,timestamp,1049578 (100.399323 seconds ago)
30,listener actuator_outputs -n 1,3,noutputs,8
30,listener actuator_outputs -n 1,3,output,"[500.00000, 500.00000, 500.00000, 500.00000, 500.00000, 500.00000, 500.00000, 500.00000, 0.00000, 0.00000, 0.00000, 0.00000, 0.00000, 0.00000, 0.00000, 0.00000]"
32,listener vehicle_imu_status -n 1,0,timestamp,101410183 (0.067792 seconds ago)
32,listener vehicle_imu_status -n 1,0,accel_device_id,"6946826 (Type: 0x6A, SPI:1 (0x00))"
32,listener vehicle_imu_status -n 1,0,gyro_device_id,"6684682 (Type: 0x66, SPI:1 (0x00))"
32,listener vehicle_imu_status -n 1,0,accel_clipping,"[0, 0, 0]"
32,listener vehicle_imu_status -n 1,0,gyro_clipping,"[0, 0, 0]"
32,listener vehicle_imu_status -n 1,0,accel_error_count,0
32,listener vehicle_imu_status -n 1,0,gyro_error_count,0
32,listener vehicle_imu_status -n 1,0,accel_rate_hz,803.09106
32,listener vehicle_imu_status -n 1,0,gyro_rate_hz,666.61682
32,listener vehicle_imu_status -n 1,0,accel_raw_rate_hz,1606.18213
32,listener vehicle_imu_status -n 1,0,gyro_raw_rate_hz,1999.85034
32,listener vehicle_imu_status -n 1,0,accel_vibration_metric,0.03728
32,listener vehicle_imu_status -n 1,0,gyro_vibration_metric,0.00892
32,listener vehicle_imu_status -n 1,0,delta_angle_coning_metric,0.00000
32,listener vehicle_imu_status -n 1,0,mean_accel,"[-0.82195, -0.01184, -9.70336]"
32,listener vehicle_imu_status -n 1,0,mean_gyro,"[-0.00202, 0.00143, -0.00011]"
32,listener vehicle_imu_status -n 1,0,var_accel,"[0.00071, 0.00102, 0.00086]"
32,listener vehicle_imu_status -n 1,0,var_gyro,"[0.00015, 0.00025, 0.00014]"
32,listener vehicle_imu_status -n 1,0,temperature_accel,30.25000
32,listener vehicle_imu_status -n 1,0,temperature_gyro,nan
32,listener vehicle_imu_status -n 1,1,timestamp,101466224 (0.046544 seconds ago)
32,listener vehicle_imu_status -n 1,1,accel_device_id,"2490378 (Type: 0x26, SPI:1 (0x00))"
32,listener vehicle_imu_status -n 1,1,gyro_device_id,"2490378 (Type: 0x26, SPI:1 (0x00))"
32,listener vehicle_imu_status -n 1,1,accel_clipping,"[0, 0, 0]"
32,listener vehicle_imu_status -n 1,1,gyro_clipping,"[0, 0, 0]"
32,listener vehicle_imu_status -n 1,1,accel_error_count,0
32,listener vehicle_imu_status -n 1,1,gyro_error_count,0
32,listener vehicle_imu_status -n 1,1,accel_rate_hz,799.86377
32,listener vehicle_imu_status -n 1,1,gyro_rate_hz,799.86377
32,listener vehicle_imu_status -n 1,1,accel_raw_rate_hz,7998.63770
32,listener vehicle_imu_status -n 1,1,gyro_raw_rate_hz,7998.63770
32,listener vehicle_imu_status -n 1,1,accel_vibration_metric,0.01180
32,listener vehicle_imu_status -n 1,1,gyro_vibration_metric,0.00111
32,listener vehicle_imu_status -n 1,1,delta_angle_coning_metric,0.00000
32,listener vehicle_imu_status -n 1,1,mean_accel,"[-0.68152, -0.00955, -9.82100]"
32,listener vehicle_imu_status -n 1,1,mean_gyro,"[-0.00827, -0.01365, -0.00144]"
32,listener vehicle_imu_status -n 1,1,var_accel,"[0.00011, 0.00012, 0.00015]"
32,listener vehicle_imu_status -n 1,1,var_gyro,"[0.00000, 0.00000, 0.00000]"
32,listener vehicle_imu_status -n 1,1,temperature_accel,31.98232
32,listener vehicle_imu_status -n 1,1,temperature_gyro,31.98232
