timestamp,timestamp_sample,q[0],q[1],q[2],q[3]
21149864,21149062,0.79981005,0.003516523,0.016363999,0.6000199
21154309,21154031,0.79974306,0.0034899,0.016198322,0.60011387
21199037,21198750,0.7993862,0.0018661903,0.0143951755,0.6006422
21253740,21253407,0.7992448,0.0005630722,0.011758171,0.6008904
21298634,21298126,0.7992921,-0.00011335482,0.009911842,0.60086095
21348095,21347814,0.7994954,-0.001253875,0.008407767,0.6006122
21402751,21402471,0.799997,-0.001932436,0.006976997,0.5999603
21452459,21452159,0.80063194,-0.0021773116,0.0057210964,0.59912515
21502203,21501847,0.8013223,-0.002213328,0.0049869707,0.5982082
21546851,21546566,0.80189604,-0.0014352167,0.0051688557,0.5974395
21601785,21601224,0.80252665,-0.00060190243,0.0053283223,0.59659225
21651169,21650911,0.8028822,-2.8817378e-05,0.005236932,0.59611475
21700875,21700599,0.8030209,0.0002394945,0.005139813,0.5959288
21750567,21750287,0.8029627,0.0020199046,0.0056414576,0.59599924
21800282,21799975,0.8026956,0.0062078526,0.008824591,0.5962915
21849980,21849663,0.80221933,0.011210574,0.011778782,0.596808
21899622,21899351,0.80158204,0.015390675,0.0144438865,0.5975122
21949309,21949038,0.8007534,0.019044114,0.01628175,0.59847
21999012,21998726,0.7998678,0.020497818,0.01743019,0.59957284
22048692,22048414,0.7988868,0.02029674,0.016804675,0.6009041
22103367,22103071,0.7977528,0.017594486,0.015179094,0.6025367
22153051,22152759,0.79673445,0.014904408,0.012878418,0.60400856
22197779,22197478,0.79607034,0.011698342,0.0109083615,0.60499287
22247467,22247166,0.795721,0.008910564,0.009247847,0.60552716
22302071,22301823,0.7960968,0.0062714675,0.007668776,0.6050882
22351782,22351511,0.7972751,0.0033625006,0.006016757,0.6035767
22401489,22401199,0.79888284,0.0011273775,0.005214127,0.60146314
22451168,22450887,0.8008624,7.7504454e-05,0.0049080206,0.5988284
22500830,22500575,0.8032525,-0.0006679601,0.0047688205,0.5956192
22550556,22550263,0.805503,-0.0010041838,0.00545144,0.59256566
22600209,22599951,0.80784976,-0.0007196783,0.0063726977,0.58935356
22649978,22649639,0.8099025,0.0006436902,0.007132486,0.5865208
22699865,22699327,0.81136423,0.0010739685,0.008396115,0.58447963
22749583,22749015,0.81164694,0.0014240824,0.009360605,0.58407176
22803967,22803671,0.81353796,0.00328786,0.010449317,0.5814086
22848667,22848390,0.8141658,0.0061731664,0.012152885,0.58047247
22898329,22898078,0.8135018,0.00929145,0.014622621,0.58130443
22948038,22947766,0.8119569,0.012421437,0.017160935,0.58333284
23002695,23002423,0.8092302,0.016618919,0.019541048,0.58693147
23052383,23052111,0.8059559,0.01960916,0.021714939,0.5912522
23102104,23101799,0.8021864,0.023697399,0.024023144,0.5961194
23151789,23151487,0.79829293,0.0284774,0.026528459,0.6010107
23201495,23201176,0.7945957,0.03204458,0.029621042,0.60556877
23251157,23250863,0.79122645,0.03626618,0.031669434,0.6096248
23300812,23300551,0.7884492,0.038011327,0.033476174,0.613011
23350462,23350239,0.78622484,0.038776647,0.033279207,0.6158242
23400189,23399927,0.7848085,0.0355581,0.03128688,0.61792594
23449886,23449615,0.7843085,0.028259538,0.027003497,0.61913854
23504540,23504272,0.7846377,0.021084882,0.022188947,0.6191986
23549271,23548991,0.78563654,0.01581874,0.018175475,0.61821896
23598951,23598679,0.7873591,0.0105507625,0.0145941,0.61623156
23648626,23648367,0.7893145,0.0031232035,0.010794486,0.6138862
23703430,23703023,0.7915193,-0.0042982753,0.009926227,0.6110486
23752987,23752712,0.79343396,-0.009625944,0.0147611145,0.6084012
23797732,23797431,0.7951109,-0.013978547,0.021326657,0.6059278
23852398,23852087,0.79686016,-0.01782597,0.02997236,0.6031565
23902043,23901775,0.7982745,-0.015880253,0.041969635,0.60062
23951722,23951463,0.79933214,-0.008605562,0.050904367,0.59866756
24001412,24001151,0.7998454,0.00039976026,0.05042944,0.59808373
24051090,24050839,0.7992565,0.01084696,0.047999125,0.598972
24100817,24100527,0.7969978,0.019124702,0.045819372,0.60193795
24150505,24150215,0.79286736,0.02435741,0.043507747,0.60735095
24200172,24199903,0.7881713,0.023757719,0.037735417,0.61383855
24249949,24249591,0.7835882,0.019682946,0.030244965,0.62023175
24299639,24299280,0.7789492,0.014411651,0.022710573,0.62650996
24349264,24348967,0.77465063,0.008977067,0.015466454,0.6321366
24403919,24403624,0.77047783,0.0052116895,0.010297361,0.63736236
24448647,24448343,0.76755846,0.0027161187,0.007421625,0.64093035
24498300,24498031,0.76504296,0.0008728785,0.0045915283,0.64396226
24552954,24552688,0.7631006,-0.00033012658,0.0022072962,0.6462758
24602627,24602376,0.7619246,-0.007548541,-0.0033988813,0.6476129
24652317,24652064,0.76096356,-0.016030062,-0.0066166553,0.64856285
24697069,24696783,0.76015407,-0.015470113,-0.0046103187,0.64954245
24751741,24751440,0.75927263,-0.013881602,-0.0035997888,0.6506146
24801443,24801128,0.75830054,-0.011719244,-0.0030334617,0.6517929
24851090,24850818,0.7564199,-0.009303907,-0.0028100894,0.6540143
24900774,24900503,0.75440234,-0.007828579,-0.002819706,0.6563597
24950531,24950191,0.7527999,-0.00507104,-0.0019470761,0.65822715
25000156,24999879,0.7514437,0.0010679606,0.00014117204,0.65979654
25049824,25049567,0.75071555,0.0041997875,-5.318666e-05,0.6606122
25099532,25099255,0.7507625,0.005128615,-0.00058992935,0.66055214
25149224,25148943,0.75146425,0.007262004,0.00048830797,0.65973365
25198901,25198631,0.7529849,0.009634838,0.0038214575,0.65795624
25253719,25253288,0.7554539,0.012705472,0.0100884065,0.6550009
25303292,25302976,0.75793606,0.014751256,0.021077463,0.6518215
25347950,25347695,0.7604316,0.014897835,0.032314602,0.64844245
25397692,25397383,0.76352084,0.014468324,0.04227961,0.6442354
25452307,25452040,0.76718426,0.01638195,0.051638156,0.63913506
25502017,25501728,0.77095854,0.018346284,0.05919395,0.6338631
25551715,25551416,0.77519464,0.02240568,0.06433985,0.62803805
25601364,25601104,0.779852,0.02871761,0.06606283,0.62180537
25651077,25650792,0.7844976,0.030487675,0.06196308,0.61627483
25700736,25700480,0.788826,0.026501507,0.05229185,0.6118145
25750428,25750168,0.79231167,0.023123423,0.04237943,0.6082035
25800124,25799856,0.7947005,0.018768117,0.0333647,0.6057934
25849854,25849544,0.7963065,0.014173886,0.02561796,0.6041844
25899550,25899231,0.7973322,0.009650762,0.017869914,0.6031989
25954161,25953888,0.797853,-0.0005372268,0.009536784,0.6027764
25998882,25998607,0.7978002,-0.017111365,0.01078089,0.60258275
26048554,26048295,0.7970043,-0.037162483,0.02585426,0.60227466
26098289,26097983,0.7960072,-0.043868646,0.044872567,0.6020255
26152935,26152641,0.7952484,-0.037682816,0.055365667,0.60257334
26202596,26202328,0.7947258,-0.027480716,0.05264758,0.6040563
26247355,26247047,0.7941823,-0.024130557,0.052151304,0.60495675
26301979,26301704,0.7932051,-0.02510841,0.059993118,0.60547185
26351692,26351392,0.7925836,-0.024874825,0.060458902,0.6062486
26401387,26401082,0.79259723,-0.021465577,0.05121329,0.6072119
26451098,26450768,0.7929303,-0.017104281,0.04079128,0.60770494
26500917,26500456,0.7933221,-0.012610098,0.03135146,0.60786366
26550425,26550144,0.7937998,-0.008389504,0.022344852,0.60771054
26600085,26599831,0.7943713,-0.002584374,0.011842031,0.60731167
26649790,26649519,0.794772,0.0059595844,-0.001479303,0.606877
26699495,26699207,0.7950807,0.01449451,-0.014062507,0.6061673
26749159,26748897,0.7954121,0.020516274,-0.023010947,0.6052844
26798872,26798583,0.7957369,0.024600556,-0.028270176,0.6044821
26853778,26853240,0.79628366,0.03030546,-0.028792255,0.60347736
26898220,26897959,0.796772,0.034435015,-0.021059606,0.60293055
26947929,26947647,0.79722095,0.03894562,-0.008108597,0.6023756
27002611,27002304,0.7973737,0.046242695,0.009522602,0.60163623
27052247,27051992,0.7982113,0.051782507,0.026706828,0.5995534
27101933,27101680,0.8004262,0.054627,0.03804487,0.5957234
27146654,27146399,0.80370057,0.053149827,0.04023131,0.59128845
27201346,27201056,0.80943745,0.049638573,0.039289232,0.5837836
27251079,27250743,0.8163147,0.042731933,0.033898383,0.5750262
27300738,27300432,0.8234188,0.034727562,0.028087463,0.5656736
27350404,27350119,0.8294945,0.027493814,0.023616685,0.55733776
27400066,27399807,0.8342106,0.020207053,0.020996327,0.5506755
27449789,27449495,0.83799666,0.016089225,0.018130828,0.5451367
27499492,27499183,0.8408519,0.011133504,0.015768815,0.540921
27554130,27553840,0.8429709,0.0028978018,0.014473117,0.53775674
27599053,27598559,0.8440219,-0.0073126643,0.0112932,0.53614
27648507,27648248,0.84449756,-0.01989846,0.005865342,0.5351576
27703157,27702904,0.8443947,-0.027960222,0.0036859266,0.5349788
27752865,27752591,0.8440555,-0.028032158,0.005022076,0.5354991
27802558,27802279,0.84360516,-0.029583618,0.010645593,0.5360428
27847314,27846999,0.84298223,-0.03128679,0.01689769,0.5367651
27901923,27901655,0.8421092,-0.03274572,0.026960572,0.53763646
27951646,27951343,0.8407165,-0.035658628,0.03603895,0.53909695
28001332,28001031,0.8389322,-0.036169536,0.046786025,0.5410136
28051044,28050719,0.837036,-0.032241557,0.05716376,0.5431976
28100900,28100407,0.8350552,-0.026541937,0.05768775,0.5464893
28150372,28150095,0.8330472,-0.017327642,0.051545873,0.55052274
28200051,28199783,0.83082527,-0.0051923906,0.045848105,0.5546174
28249763,28249471,0.8285228,0.0077833985,0.041395392,0.5583691
28299442,28299158,0.8263492,0.01826073,0.038599007,0.56153685
28349118,28348846,0.824432,0.024239276,0.03598345,0.56429577
28403783,28403503,0.8226748,0.02779433,0.033456463,0.5668459
28453483,28453191,0.82116,0.037660394,0.03526473,0.5683611
28498198,28497910,0.8197991,0.04962803,0.040415533,0.56906337
28547904,28547598,0.81886655,0.057933632,0.043928843,0.5693608
28602552,28602255,0.8184887,0.06300126,0.0452828,0.5692598
28652203,28651943,0.818817,0.061182946,0.043865625,0.56909686
28701926,28701631,0.8200188,0.053218808,0.038792934,0.5685349
28746623,28746350,0.82132566,0.04355277,0.032198764,0.5678826
28801282,28801006,0.8227337,0.029050693,0.021944683,0.56726
28850965,28850694,0.8233717,0.014822094,0.012400437,0.5671733
28900656,28900382,0.8235692,0.002427051,0.003972209,0.5671968
28950372,28950070,0.8234495,-0.007551221,-0.0020957387,0.56733555
29000061,28999758,0.8232464,-0.014380328,-0.006495521,0.567465
29049724,29049446,0.82312083,-0.015777718,-0.0077679837,0.5675941
29104351,29104104,0.8230962,-0.01318472,-0.0068401946,0.56770784
29149117,29148822,0.82298285,-0.011119035,-0.0055691153,0.56793004
29198820,29198509,0.8227607,-0.009465321,-0.0042421836,0.5682933
29248493,29248197,0.8222586,-0.0058291866,-0.0014881954,0.56908244
29303144,29302854,0.821649,-8.0957536e-05,0.0033691623,0.56998384
29352815,29352542,0.8210476,0.009348036,0.010953992,0.5706782
29397530,29397261,0.8204499,0.018130053,0.017476944,0.5711637
29452196,29451918,0.82011086,0.024690567,0.022317143,0.571236
29501877,29501606,0.82055455,0.022035442,0.020589782,0.57077223
29551613,29551294,0.82173735,0.018190723,0.016451377,0.5693384
29601294,29600981,0.82358253,0.01334653,0.0126659805,0.56689805
29650952,29650669,0.8256594,0.010888209,0.00959429,0.56398237
29700908,29700357,0.8271886,0.008526213,0.0073021688,0.5618123
29750433,29750045,0.8278223,0.0060752262,0.005726228,0.56092834
29800011,29799733,0.8272664,0.0043032216,0.0045122295,0.56177527
29849711,29849421,0.8257108,0.0029104985,0.003619865,0.56407464
29899381,29899109,0.8235142,0.0011657786,0.0030215136,0.5672865
29949099,29948797,0.8210089,0.00061051024,0.002540973,0.57090956
30003726,30003453,0.8176788,-0.00038764798,0.0021399402,0.57567054
30048423,30048172,0.8143395,-0.0011071721,0.0019562102,0.5803846
30098136,30097860,0.81053126,-0.0014073749,0.0018356709,0.5856909
30152805,30152517,0.80669147,-0.0020123203,0.001471364,0.59096754
30202460,30202205,0.80354923,-0.0022145517,0.0012752404,0.59523284
30252176,30251893,0.80094,-0.0026840877,0.0019052268,0.5987356
30296912,30296612,0.7989671,-0.0030212256,0.004089404,0.6013532
30351557,30351268,0.79697233,-0.0007236274,0.011686902,0.60390246
30401249,30400956,0.7954505,0.0036970149,0.02269828,0.60558206
30450940,30450646,0.7940983,0.0073405826,0.033283535,0.6068329
30500586,30500332,0.7927607,0.0111303935,0.045098327,0.60776055
30550296,30550020,0.7913416,0.013710359,0.05536732,0.6087076
30599973,30599708,0.789664,0.018912159,0.0625867,0.61004597
30649668,30649396,0.7878075,0.025692295,0.06509193,0.61193335
30699395,30699083,0.7860173,0.028553804,0.062000364,0.61442447
30749077,30748771,0.7842096,0.026920198,0.055573132,0.6174159
30798745,30798459,0.7823723,0.022389835,0.046680987,0.62065554
30853386,30853116,0.78024006,0.017255582,0.037835184,0.6240962
30903070,30902804,0.7783311,0.012611775,0.031544,0.62693435
30947843,30947523,0.7768928,0.007782418,0.028789442,0.6289263
30997505,30997211,0.77552646,0.00092454266,0.029210767,0.6306384
31052143,31051867,0.77438676,-0.0059460206,0.031818464,0.63188416
31101830,31101555,0.77373606,-0.011479245,0.0333922,0.6325233
31151499,31151243,0.77341515,-0.014632512,0.03258771,0.6328926
31201249,31200931,0.77343583,-0.016974458,0.031706803,0.63285357
31250989,31250619,0.7736862,-0.0187614,0.030397499,0.63256127
31300654,31300307,0.77424574,-0.017819418,0.026549313,0.63207704
31350255,31349995,0.7750439,-0.01584302,0.021832902,0.6313314
31399945,31399682,0.7760907,-0.013019812,0.016887147,0.6302609
31449663,31449370,0.7774313,-0.010657269,0.012929704,0.62874466
31499316,31499058,0.7790921,-0.008512877,0.009543335,0.6267792
31554016,31553715,0.78139156,-0.0070388783,0.0068216557,0.6239641
31598725,31598434,0.78367525,-0.005951933,0.005050185,0.6211217
31648392,31648122,0.78632224,-0.0050036716,0.0036622887,0.6177856
31698064,31697810,0.78906864,-0.0047264583,0.0019387554,0.61428386
31752761,31752466,0.7919591,-0.006695544,-0.0013459688,0.610536
31802414,31802154,0.794229,-0.0055160252,-0.0019650587,0.6075905
31852123,31851842,0.79610634,-0.0034805841,-0.0013009774,0.60514534
31901801,31901530,0.79753757,-7.566496e-05,0.00081156683,0.6032689
31951482,31951218,0.798464,0.0049368995,0.0044251163,0.60200614
32001187,32000905,0.79916596,0.012403759,0.01145165,0.6008734
32050860,32050593,0.7997346,0.01801522,0.02011714,0.59974617
32100558,32100281,0.8005071,0.022620784,0.025473032,0.59835434
32150269,32149969,0.8018305,0.019730227,0.022986325,0.5967833
32199914,32199657,0.8034003,0.016056575,0.018624425,0.5949313
32255109,32254313,0.8055558,0.0130211795,0.014381032,0.5922022
32299310,32299032,0.8074887,0.010421825,0.011175105,0.58968514
32349046,32348720,0.80939066,0.008617048,0.008501819,0.5871459
32398745,32398408,0.8107918,0.0066279536,0.006734609,0.5852585
32453336,32453065,0.8117473,0.005522736,0.0049238033,0.58396196
32503017,32502753,0.8121589,0.004272543,0.0034827238,0.58341044
32547746,32547472,0.8121901,0.0034110653,0.0022839662,0.5833785
32602437,32602128,0.811892,0.0025542958,0.0013325019,0.5838006
32652093,32651816,0.81147444,0.0018779986,0.0008666514,0.5843844
32701788,32701504,0.8109108,0.001622534,0.0004876788,0.5851674
32751446,32751192,0.81034446,0.001238219,0.00065637537,0.58595216
32801185,32800879,0.8097957,0.0018560608,0.001647998,0.5867067
32850869,32850567,0.8093237,0.0055813002,0.0056119673,0.5873096
32900564,32900255,0.808892,0.011044271,0.013414615,0.58770055
32955214,32954912,0.8084994,0.015623294,0.022616036,0.5878547
32999909,32999631,0.8082658,0.017691365,0.027683435,0.58790046
33049604,33049318,0.80808383,0.01841842,0.029025609,0.5880637
33099271,33099006,0.8079492,0.018366031,0.027862227,0.58830667
33153924,33153663,0.80790365,0.015656844,0.023955433,0.5886193
33198631,33198382,0.80795294,0.013457548,0.020184578,0.58874756
33248341,33248070,0.808086,0.010724754,0.016743045,0.5887289
33303026,33302726,0.808337,0.00867279,0.013388719,0.5885041
33352714,33352414,0.8087464,0.006865661,0.010714406,0.58801985
33402382,33402102,0.8093477,0.0051141717,0.008902449,0.5872401
33447131,33446821,0.81002283,0.0041154786,0.0072788266,0.5863389
33501751,33501477,0.81100404,0.0028864718,0.0056084706,0.5850066
33551433,33551165,0.81197405,0.0024868394,0.004310148,0.5836724
33601135,33600853,0.8129755,0.0018435668,0.0033494516,0.58228534
33650815,33650541,0.8139188,0.001111702,0.0024224096,0.5809725
33700494,33700229,0.8148532,0.0003152254,0.0019614273,0.57966393
33750172,33749916,0.8156387,-3.6095546e-05,0.0016925292,0.5785592
33799879,33799604,0.8163179,-0.00048652722,0.0014967637,0.57760084
33849592,33849294,0.8168103,-0.0009222697,0.0012848018,0.5769041
33899272,33898980,0.81716776,-0.0010081943,0.0010570026,0.5763981
33949041,33948668,0.8173195,-0.0016492587,0.0009896976,0.5761816
34003594,34003324,0.81735003,-0.0011639161,0.0012420563,0.576139
34053277,34053012,0.8172526,-0.0013163888,0.0012488387,0.5762769
34098022,34097731,0.8170423,-0.0010779932,0.0012180189,0.57657546
34147693,34147419,0.8166852,-0.0013536819,0.001324381,0.5770805
34202328,34202075,0.8162078,-0.0013248486,0.0014353688,0.5777552
34252015,34251763,0.81568974,-0.0012588352,0.0016320942,0.5784859
34301726,34301451,0.8151069,-0.0010431788,0.0017999843,0.5793069
34351422,34351139,0.8144942,-0.00092462037,0.0027022571,0.5801646
34401155,34400826,0.81391495,0.0021330747,0.010256413,0.5808897
34450915,34450514,0.81327885,0.0043939976,0.022655036,0.5814165
34500496,34500202,0.81256247,0.006435391,0.033003952,0.58190346
34550145,34549890,0.81182516,0.006967691,0.036858853,0.58269435
34599859,34599578,0.8110988,0.01025927,0.03721255,0.5836342
34649531,34649265,0.8105194,0.011490536,0.03641729,0.58446574
34704215,34703922,0.81012154,0.01040013,0.03288486,0.5852466
34748942,34748641,0.8098163,0.009223033,0.029034117,0.585892
34798580,34798329,0.8093198,0.0071265376,0.02486361,0.5867985
34848287,34848016,0.80878365,0.0056502675,0.021342326,0.5876918
34902988,34902673,0.8083162,0.0041594766,0.018274494,0.58845043
34952669,34952361,0.80803466,0.003291601,0.015850104,0.5889125
34997363,34997080,0.8079524,0.002978933,0.014195846,0.5890691
35052001,35051736,0.80802494,0.0026964685,0.013624782,0.58898455
35101693,35101424,0.8082803,0.002992123,0.013065668,0.5886454
35151379,35151112,0.8085738,0.003092562,0.012473233,0.5882546
35201060,35200800,0.80888796,0.002132001,0.0116165085,0.5878442
35250789,35250487,0.80915624,0.0020889868,0.011190202,0.5874833
35300430,35300175,0.8093997,0.0019099999,0.011023841,0.58715165
35350124,35349863,0.8095399,0.0026509117,0.010811703,0.5869593
35399843,35399550,0.809696,0.0038723894,0.011802816,0.5867182
35449516,35449238,0.8098214,0.006654835,0.017732497,0.58637065
35499204,35498926,0.8098871,0.00919585,0.028151948,0.5858376
35548955,35548614,0.8098415,0.009002107,0.037147813,0.5854023
35603522,35603270,0.809711,0.008360474,0.03914393,0.5854621
35648307,35647990,0.8095989,0.0080476785,0.037415575,0.5857344
35698265,35697677,0.8095358,0.006638751,0.034298893,0.58603007
35752610,35752334,0.8096243,0.004002004,0.030144008,0.58616036
35802317,35802021,0.80967534,0.003057212,0.025427219,0.5863191
35851987,35851709,0.80976593,0.002019142,0.021278169,0.58636385
35896728,35896428,0.80986816,0.001558027,0.017922694,0.58633614
35951375,35951085,0.810053,0.0009783503,0.014380696,0.5861795
36001045,36000772,0.810227,-0.0002706973,0.0127721,0.58597696
36050774,36050460,0.81036747,-0.0029688291,0.01440288,0.5857375
36100459,36100148,0.81039953,-0.0067164176,0.01781502,0.5855683
36150117,36149835,0.81037986,-0.009776036,0.02052745,0.5854636
36199796,36199523,0.8102533,-0.010213443,0.0195419,0.585665
36249463,36249211,0.8101498,-0.007751614,0.01627672,0.5859456
36299150,36298899,0.80998355,-0.0059369053,0.013081464,0.5862768
36348842,36348586,0.8098365,-0.0043784417,0.010262326,0.5865495
36398563,36398274,0.8097298,-0.0033163324,0.007942834,0.58673984
36453194,36452931,0.80965286,-0.0026009066,0.0058727246,0.58687395
36503565,36502618,0.80956674,-0.001643837,0.004550197,0.58700806
36552639,36552306,0.8095585,-0.0013201466,0.0036880325,0.5870263
36597295,36597025,0.8097172,-0.0022599343,0.0077738035,0.58676463
36651969,36651682,0.80990714,-0.005754062,0.017012082,0.5862831
36701643,36701369,0.81006354,-0.0076396433,0.023711363,0.5858128
36751354,36751057,0.8102652,-0.007866194,0.023032919,0.58555776
36800997,36800745,0.8105394,-0.006881006,0.019957192,0.5853036
36850695,36850432,0.8109888,-0.0052493783,0.016654959,0.5848011
36900377,36900120,0.81153893,-0.004504398,0.013583727,0.58412313
36950088,36949808,0.81201416,-0.0032730442,0.010976668,0.5835253
36999791,36999496,0.81232506,-0.0028212927,0.0088847615,0.5831305
37049458,37049183,0.81243896,-0.0024658733,0.0072128023,0.5829965
37099144,37098871,0.812385,-0.0020651382,0.0059393835,0.58308744
37153819,37153527,0.81214434,-0.0018563591,0.0049678995,0.5834327
37203529,37203215,0.8118501,-0.0023750581,0.006076778,0.5838296
37248809,37247934,0.8116314,-0.003496115,0.013895429,0.5839942
37297907,37297622,0.8113265,-0.005482116,0.026774794,0.58395416
37352524,37352278,0.81093466,-0.0061840583,0.034035537,0.58411336
37402233,37401966,0.8107908,-0.005315566,0.03166095,0.584455
37451924,37451654,0.8109447,-0.004584386,0.02662123,0.58449906
37501651,37501342,0.8115922,-0.0031748735,0.021881824,0.5838058
37551304,37551029,0.81240493,-0.0026150248,0.017733041,0.5828182
37600969,37600717,0.813061,-0.0015905204,0.013742963,0.5820142
37650647,37650405,0.8133424,-0.0009993977,0.010521813,0.5816895
37700389,37700092,0.8131492,-0.00031517266,0.007956466,0.582001
37750135,37749780,0.81256616,0.0010831988,0.0066382773,0.58283013
37799761,37799468,0.8115523,0.008169265,0.0076992274,0.584172
37854381,37854124,0.8100132,0.021193068,0.009750613,0.58594745
37899113,37898843,0.8086468,0.029987188,0.008952719,0.5874614
37948787,37948531,0.8073577,0.034883354,0.008426769,0.58897007
37998496,37998218,0.806485,0.036968354,0.008295537,0.5900393
38053174,38052875,0.8059851,0.03774154,0.008170003,0.590675
38102875,38102563,0.80583274,0.03812112,0.0080244485,0.59086055
38147550,38147281,0.8060351,0.037271902,0.009015725,0.59062415
38202304,38201938,0.8065475,0.035977326,0.0107305925,0.589976
38251947,38251626,0.8071665,0.036335792,0.0128834685,0.5890635
38301564,38301313,0.80792505,0.036616966,0.014818115,0.58795995
38351279,38351001,0.808857,0.03457501,0.01574828,0.5867767
38400946,38400689,0.8098733,0.031494543,0.01520628,0.5855614
38450653,38450376,0.81090844,0.027979456,0.014159431,0.5843322
38500330,38500064,0.8118722,0.023662271,0.012552998,0.5832205
38550024,38549752,0.8127129,0.020249953,0.011223444,0.5822042
38599716,38599439,0.8134583,0.015123548,0.009412146,0.5813505
38649405,38649127,0.81400454,0.011805893,0.008007684,0.5806834
38699082,38698815,0.81442493,0.0090229735,0.0070249913,0.58015627
38753748,38753471,0.81481516,0.0061988253,0.006000068,0.5796568
38798496,38798190,0.815053,0.0043296083,0.0051588486,0.5793474
38848199,38847878,0.815223,0.0031153853,0.0041002138,0.5791244
38902815,38902534,0.81533396,0.0013082376,0.0034702509,0.5789792
38952495,38952222,0.81533355,-8.4251755e-05,0.0031542988,0.578983
39002155,39001909,0.815188,-0.0008946348,0.0024189982,0.5791908
39046922,39046628,0.81504786,-0.0014503462,0.0020697378,0.57938826
39101556,39101285,0.81471366,0.0033279925,0.0050006313,0.5798324
39151240,39150972,0.81416655,0.0126796095,0.0113791,0.5803815
39200968,39200660,0.8134141,0.021596229,0.018005794,0.5810051
39250600,39250348,0.8124772,0.028585756,0.022978937,0.5818382
39300341,39300035,0.8112445,0.032858748,0.02586724,0.58320975
39350003,39349723,0.80974686,0.03372106,0.027093586,0.5851827
39399665,39399411,0.8079593,0.032784812,0.026367003,0.58773434
39449395,39449098,0.8058547,0.030386658,0.024270004,0.59083503
39499219,39498786,0.8038118,0.025308706,0.021245874,0.5939653
39548752,39548475,0.80214494,0.020026188,0.01776854,0.596529
39603417,39603130,0.8009816,0.015330449,0.013917327,0.5983309
39653079,39652818,0.80069155,0.01231974,0.011427164,0.59884113
39697822,39697537,0.8011611,0.009730012,0.009770466,0.59828985
39747520,39747224,0.80235916,0.008072529,0.008580232,0.5967253
39802407,39801881,0.8042583,0.0075303344,0.008016926,0.5941782
39851871,39851568,0.8063516,0.007867831,0.008268158,0.59132636
39901513,39901256,0.8084001,0.009914545,0.010146597,0.5884626
39951226,39950944,0.8101244,0.012372429,0.012353937,0.5859974
40000887,40000631,0.81144387,0.015230505,0.015241247,0.58403313
40050595,40050319,0.8122107,0.01807148,0.01794932,0.5828081
40100279,40100006,0.8122747,0.020199522,0.020389073,0.58256865
40149964,40149694,0.8116994,0.022424731,0.022165747,0.5832237
40199660,40199382,0.81063944,0.021835817,0.022925327,0.584689
40249331,40249069,0.8091941,0.02027461,0.022128444,0.5867746
40304091,40303726,0.80729115,0.015170819,0.020251215,0.5896108
40353714,40353413,0.80548424,0.010024859,0.019529331,0.59221065
40398386,40398132,0.8039396,0.005904368,0.019085294,0.59437543
40448122,40447820,0.80256957,0.0011551365,0.020465197,0.5962064
40502765,40502476,0.8016197,-0.004147273,0.02268426,0.59738934
40552435,40552164,0.8012785,-0.0082917465,0.024908517,0.59771544
40597190,40596883,0.8012731,-0.012294476,0.027751153,0.59752834
40651796,40651539,0.8014793,-0.01595153,0.029778998,0.59706765
40701475,40701227,0.8017059,-0.017277356,0.028819298,0.59677356
40751229,40750914,0.8020459,-0.015232648,0.025063274,0.5965419
40800884,40800602,0.8023218,-0.013578409,0.020716686,0.5963776
40850570,40850290,0.8025784,-0.011280949,0.016935593,0.5961996
40900303,40899977,0.80298895,-0.009315512,0.013786846,0.5957616
40949955,40949665,0.8035079,-0.008401458,0.011342029,0.5951268
41004596,41004321,0.80439043,-0.0060760686,0.009846329,0.5939883
41049301,41049040,0.8053259,-0.0006240503,0.012565865,0.5926988
41099010,41098728,0.8064016,0.0033761084,0.018282939,0.591076
41148725,41148416,0.80748653,0.00771,0.025159808,0.5892988
41203359,41203072,0.80856997,0.012882329,0.032259744,0.5873738
41253058,41252759,0.80942035,0.016436199,0.037844196,0.5857785
41297732,41297478,0.8101322,0.018290285,0.03867403,0.5846843
41352410,41352135,0.810895,0.019903542,0.036370073,0.5837212
41402159,41401822,0.8114633,0.019794278,0.033313658,0.5831173
41452193,41451510,0.812005,0.016347304,0.027594866,0.58276874
41501466,41501197,0.8123625,0.01338449,0.022901399,0.5825491
41551175,41550885,0.8124772,0.010271295,0.018592155,0.582606
41600840,41600573,0.8122946,0.0082474165,0.0155008575,0.5829831
41650617,41650261,0.8118315,0.0067578484,0.012962468,0.58370894
41700236,41699948,0.81115913,0.0054140817,0.010984091,0.58469725
41749954,41749638,0.81027853,0.0038986572,0.009538693,0.58595437
41799613,41799323,0.80918115,0.0026924184,0.008714045,0.58748853
41849281,41849011,0.8081018,0.0018243364,0.0076909093,0.58898985
41903984,41903667,0.8069906,0.002371465,0.007674004,0.5905098
41948660,41948386,0.80623865,0.0011238162,0.008867619,0.59152305
41998355,41998074,0.80557925,-0.002277303,0.01307904,0.59233934
42052991,42052730,0.8050113,-0.0070754657,0.01875955,0.5929207
42102666,42102418,0.8047489,-0.008880813,0.02130563,0.5931664
42152369,42152105,0.8046716,-0.010185345,0.021700533,0.59323615
42197115,42196824,0.80477697,-0.01032097,0.020993879,0.5931162
42251765,42251480,0.80506295,-0.008962162,0.01938041,0.5928049
42301459,42301168,0.8053993,-0.007908592,0.017175134,0.592431
42351112,42350856,0.8058864,-0.007155086,0.01529452,0.5918295
42400794,42400543,0.80648285,-0.006443475,0.01425778,0.5910505
42450504,42450231,0.80719346,-0.0054714223,0.014573789,0.59008175
42500197,42499918,0.8079425,-0.0052776933,0.016005,0.58902025
42549997,42549606,0.8086769,-0.004611202,0.017462468,0.58797586
42599685,42599293,0.80940706,-0.004426662,0.018754024,0.5869319
42649246,42648981,0.81005514,-0.0038673005,0.019750554,0.58600825
42698938,42698668,0.8107368,-0.002271776,0.020089535,0.58506167
42753596,42753325,0.81148887,-0.00020634224,0.020923745,0.58399314
42803318,42803012,0.8121125,0.0018895731,0.021654362,0.583096
42848045,42847731,0.8126285,0.0036614297,0.02296891,0.5823179
42897695,42897419,0.8130653,0.00539129,0.024331512,0.5816388
42952333,42952075,0.8133922,0.0066342293,0.025780285,0.5811063
43002046,43001763,0.8135866,0.0068682292,0.026582878,0.5807952
43051789,43051450,0.81366813,0.007355292,0.02733918,0.5806398
43101443,43101138,0.8137064,0.00634289,0.02724247,0.58060277
43151100,43150827,0.81367075,0.0048469272,0.026402084,0.580706
43200784,43200513,0.8135429,0.0035988584,0.026017291,0.58091146
43250464,43250200,0.81328315,0.0017055963,0.026234189,0.58127403
43300155,43299888,0.8129071,0.00044099518,0.026197348,0.5818037
43349845,43349575,0.8124113,-0.00033661144,0.02621576,0.5824952
43399546,43399263,0.81178707,-0.0012483924,0.02578123,0.58338284
43454200,43453919,0.8110144,-0.0020469478,0.025205787,0.58447945
43498915,43498638,0.8103375,-0.002405064,0.024836324,0.58543205
43548609,43548325,0.80964696,-0.0028388402,0.024613734,0.5863942
43598284,43598013,0.80895877,-0.0029477486,0.023758342,0.58737767
43652963,43652669,0.8082826,-0.0025402948,0.022256626,0.5883684
43702646,43702358,0.80776787,-0.0012161159,0.02047855,0.58914375
43747361,43747076,0.80740505,-0.000589408,0.019075347,0.5896889
43802001,43801732,0.8070108,0.0012282032,0.017692463,0.5902704
43851738,43851419,0.80674976,0.0011448218,0.01676642,0.59065425
43901379,43901107,0.8065352,0.0015892935,0.016353939,0.5909579
43951088,43950795,0.806412,0.0022803429,0.015986163,0.5911337
44000742,44000482,0.80639684,0.0027658367,0.015711108,0.59115964
44050443,44050170,0.8063981,0.002998569,0.015613784,0.59115934
44100170,44099857,0.8064697,0.003052318,0.01560247,0.5910617
44154829,44154513,0.8066349,0.003727691,0.015659936,0.59083086
44199601,44199232,0.8067949,0.005460086,0.015410671,0.5906054
44249216,44248920,0.8070278,0.0068176175,0.014794991,0.5902887
44298877,44298607,0.8072993,0.008723733,0.014821096,0.5898917
44353517,44353263,0.8076219,0.010617651,0.014846689,0.5894181
44398248,44397982,0.8078699,0.011845335,0.014820472,0.58905536
44447934,44447670,0.8081484,0.012765523,0.014769894,0.58865553
44502600,44502326,0.80844206,0.013474741,0.014999528,0.58823025
44552286,44552014,0.8086915,0.014193488,0.015149173,0.5878667
44602029,44601701,0.8089728,0.014745762,0.015266902,0.58746296
44646691,44646420,0.8091944,0.014856608,0.015607739,0.5871458
44701404,44701077,0.8094399,0.014420046,0.016001545,0.5868075
44751518,44750764,0.80956817,0.014553596,0.01619681,0.5866219
44800727,44800451,0.80967796,0.014083654,0.01620294,0.5864818
44850407,44850139,0.809713,0.012681406,0.015773397,0.58647704
44900101,44899826,0.8096757,0.011594765,0.015401176,0.58656085
44949788,44949514,0.80959326,0.010761459,0.015232421,0.58669496
44999473,44999201,0.80949986,0.009233865,0.015285906,0.5868486
45049160,45048889,0.8093933,0.007955032,0.015661433,0.5870042
45098848,45098576,0.8092151,0.007819781,0.01559212,0.5872535
45148537,45148264,0.8090486,0.0072010676,0.015419745,0.5874954
45203678,45202920,0.80888367,0.0068490896,0.014950277,0.5877387
45252899,45252607,0.8087133,0.0061752833,0.014234703,0.58799845
45302569,45302295,0.8085548,0.0055040843,0.013791076,0.5882335
45347344,45347014,0.80842745,0.005342328,0.0135852145,0.5884148
45401921,45401670,0.8082622,0.0057308916,0.0130934445,0.5886492
45451636,45451357,0.80815136,0.005894546,0.012344011,0.58881617
45501294,45501045,0.80809796,0.006296823,0.011788653,0.5888965
45551008,45550732,0.80810744,0.005783722,0.011211661,0.5889001
45600698,45600420,0.8081659,0.00562738,0.011129782,0.58882296
45650404,45650107,0.8082455,0.0059116366,0.01060438,0.5887205
45700083,45699795,0.8083822,0.005641484,0.010401587,0.58853894
45749783,45749482,0.8085503,0.0055500786,0.010346833,0.58831
45799460,45799170,0.8086471,0.0053831344,0.01001984,0.5881841
45849176,45848857,0.80878866,0.005373835,0.009948742,0.5879908
45903818,45903514,0.80900145,0.005657613,0.010018695,0.5876942
45953517,45953201,0.80916065,0.005642288,0.010019257,0.5874749
45998187,45997920,0.8092702,0.0059253233,0.009858883,0.5873239
46047857,46047607,0.8094029,0.006294541,0.009827925,0.5871379
46102518,46102263,0.80952615,0.00655078,0.009831599,0.586965
46152204,46151951,0.8096629,0.0063446406,0.010046302,0.5867752
46201963,46201639,0.80975425,0.0064579756,0.010281425,0.5866436
46251632,46251326,0.80984426,0.006626418,0.010368712,0.58651596
46301324,46301013,0.8099367,0.006943614,0.010320086,0.5863855
46350966,46350701,0.8100891,0.0072515123,0.010487845,0.58616817
46400642,46400388,0.81026214,0.0069880383,0.010855274,0.58592546
46450340,46450076,0.81046957,0.0075989156,0.011317509,0.585622
46500082,46499763,0.8107061,0.007931907,0.011529604,0.58528626
46549730,46549451,0.8110179,0.0078702215,0.011532116,0.58485484
46604375,46604107,0.8113674,0.007953634,0.011565449,0.58436805
46649093,46648826,0.81149685,0.008072099,0.011430231,0.58418936
46698805,46698513,0.8109967,0.008056791,0.011123468,0.5848896
46748507,46748201,0.80986,0.00778009,0.011095431,0.5864668
46803133,46802857,0.80849963,0.007995118,0.010642051,0.5883462
46852769,46852544,0.80754966,0.0082214605,0.010743839,0.5896444
46897558,46897263,0.8069881,0.008085849,0.010426867,0.5904203
46952207,46951919,0.80658585,0.008106183,0.010372964,0.5909705
47001873,47001607,0.8063988,0.008177503,0.010538716,0.5912218
47051564,47051294,0.8062454,0.008553663,0.010608666,0.59142435
47101235,47100982,0.80575365,0.0074802903,0.010227436,0.5921154
47150923,47150669,0.8041872,0.006155991,0.009350777,0.59427065
47200630,47200357,0.80059785,0.004298098,0.008327615,0.5991288
47250309,47250044,0.79485816,0.0034890934,0.007941668,0.6067334
47300075,47299731,0.7884738,0.00366249,0.0077320673,0.61500883
47349744,47349419,0.78289497,0.0035902013,0.008298814,0.62208825
47399460,47399106,0.7785098,0.0043766326,0.008897841,0.6275542
47449163,47448794,0.7752793,0.005174995,0.010307752,0.6315134
47503717,47503450,0.77273524,0.006970639,0.011677287,0.6345829
47548423,47548169,0.7712577,0.007545971,0.013017038,0.63634527
47598153,47597856,0.7699714,0.009363473,0.015244261,0.63782763
47652788,47652512,0.7689032,0.010350511,0.018243348,0.6390212
47702475,47702200,0.7680728,0.011429098,0.0202936,0.6399389
47752187,47751887,0.76737463,0.011733936,0.022617873,0.64069253
47796869,47796606,0.76682496,0.01269271,0.024220532,0.6412737
47851599,47851262,0.7661407,0.014334726,0.025947543,0.6419888
47901266,47900950,0.76559436,0.016606752,0.026811719,0.6425502
47950930,47950637,0.76514804,0.017622896,0.02701597,0.6430459
48001092,48000325,0.76480734,0.016038349,0.026645945,0.6435081
48050275,48050012,0.76452696,0.014334111,0.026560854,0.64388496
48099955,48099699,0.7643219,0.01259768,0.027012004,0.64414567
48149669,48149387,0.7642032,0.010538407,0.027929652,0.64428455
48199332,48199074,0.7641955,0.009724426,0.028676897,0.64427346
48249068,48248762,0.76438653,0.008128928,0.029247109,0.6440434
48298728,48298449,0.7653613,0.0069488585,0.02976685,0.6428746
48353431,48353105,0.767256,0.0067405878,0.029672297,0.6406188
48403129,48402793,0.769201,0.0063658915,0.029712288,0.63828415
48447791,48447511,0.770959,0.006226319,0.029416135,0.63617474
48497467,48497199,0.77276105,0.006554162,0.028819025,0.6340087
48552104,48551855,0.77457345,0.0056413836,0.02856951,0.63181335
48601789,48601542,0.7760713,0.0043779435,0.02790395,0.6300123
48651498,48651230,0.7774762,0.00354436,0.026836,0.6283297
48701212,48700917,0.7787337,0.00067915785,0.025115928,0.6268514
48750876,48750604,0.779873,-0.0014811916,0.023131032,0.6255086
48800582,48800292,0.7809237,-0.004657354,0.022479841,0.6242044
48850237,48849979,0.78183883,-0.008566771,0.024355551,0.6229458
48899953,48899667,0.7827182,-0.012595471,0.027009837,0.62166226
48949687,48949354,0.78349245,-0.015469702,0.028362008,0.6205609
48999433,48999042,0.78426856,-0.017033285,0.028310081,0.61954117
49053944,49053698,0.7849995,-0.01755446,0.027324596,0.6186447
49098695,49098416,0.7855104,-0.01709858,0.026477797,0.61804533
49148388,49148104,0.7860176,-0.014961292,0.02505949,0.6175148
49198047,49197791,0.7865106,-0.012586928,0.022844385,0.61702585
49252761,49252447,0.787123,-0.009843512,0.019135088,0.61642057
49302421,49302135,0.7877539,-0.008522547,0.015975796,0.61572397
49352116,49351822,0.78849757,-0.006698874,0.013089488,0.61486214
49401783,49401509,0.7893613,-0.0056245183,0.010676678,0.61381036
49451469,49451197,0.79031074,-0.0040660216,0.00867592,0.6126315
49501186,49500884,0.7913056,-0.0030678534,0.007514,0.6113671
49550889,49550572,0.792341,-0.0012810894,0.0065289647,0.6100423
49600513,49600259,0.7934017,0.0029108087,0.008656815,0.6086298
49650215,49649946,0.79448175,0.0054415124,0.013575996,0.6071119
49699903,49699634,0.7955006,0.0075063054,0.017923705,0.6056412
49754580,49754290,0.7966323,0.009339798,0.021802472,0.6039988
49799326,49799008,0.7975861,0.009422794,0.025000824,0.60261333
49848960,49848696,0.7988062,0.008209378,0.026719175,0.60093886
49898644,49898383,0.800101,0.0071468106,0.026847046,0.5992217
49953437,49953039,0.80154234,0.0071583907,0.024625622,0.5973878
50003094,50002727,0.80283374,0.007334356,0.021825794,0.5957584
50047714,50047445,0.8038564,0.008008731,0.019643612,0.5944452
50102374,50102101,0.8049446,0.0081171915,0.017268296,0.5930433
50152067,50151789,0.8056485,0.008027101,0.015654378,0.59213275
50201747,50201476,0.806106,0.0076665357,0.013821708,0.5915601
50251419,50251163,0.8062798,0.006753735,0.0121972645,0.59137
50301139,50300851,0.8062281,0.006489234,0.010912502,0.5914687
50350842,50350538,0.80605274,0.00579776,0.010177572,0.5917279
50400566,50400229,0.8057827,0.0063197203,0.009511203,0.5921014
50450205,50449913,0.8055109,0.0057613538,0.0086972015,0.5924892
50499858,50499600,0.8052042,0.0053196414,0.007847925,0.59292185
50549542,50549288,0.80488575,0.0050149933,0.007073986,0.5933664
50599315,50598975,0.80455965,0.004652922,0.006464436,0.59381855
50653915,50653631,0.8042429,0.004534017,0.0061080432,0.59425217
50698645,50698350,0.80398124,0.004345598,0.006012046,0.5946084
50748307,50748037,0.80370563,0.004428934,0.006144822,0.594979
50802961,50802693,0.80351144,0.0040946426,0.0065464834,0.59523934
50852668,50852380,0.8033543,0.004171267,0.006716857,0.595449
50902335,50902068,0.80329674,0.0040969895,0.0069073113,0.59552497
50947075,50946786,0.80327445,0.0046995836,0.0076417513,0.5955414
51001731,51001442,0.80332816,0.004285658,0.008064644,0.59546673
51051400,51051130,0.80345535,0.0032162538,0.0075351764,0.5953087
51101736,51100817,0.80363315,0.00216374,0.0071449843,0.5950783
51150793,51150504,0.80372936,0.0069980174,0.010472187,0.5948617
51200477,51200194,0.8038036,0.01309276,0.0150920395,0.5945593
51250163,51249879,0.80384564,0.018657675,0.019425577,0.5942279
51299825,51299566,0.8038847,0.023241373,0.023101412,0.59388185
51349523,51349254,0.80380565,0.028981026,0.028039256,0.59352386
51399213,51398941,0.8037042,0.034468576,0.032116883,0.593161
51448903,51448628,0.80365604,0.037589967,0.035105005,0.59286743
51503569,51503284,0.80350405,0.040825937,0.038098082,0.59267455
51553681,51552972,0.80341566,0.041499116,0.040101465,0.5926153
51597951,51597690,0.80331635,0.04152791,0.0414078,0.5926583
51647633,51647378,0.8033291,0.040458683,0.042004853,0.59267294
51702287,51702034,0.8035254,0.035065114,0.041753713,0.59276813
51752040,51751721,0.80387163,0.029750062,0.041819464,0.59258455
51801694,51801408,0.80428934,0.023746535,0.042377315,0.592249
51851368,51851096,0.8048464,0.01762666,0.04308123,0.59165496
51901057,51900783,0.80545056,0.010297682,0.044484243,0.59090155
51950731,51950470,0.80603105,0.0032094168,0.04527663,0.5901303
52000422,52000157,0.80661035,0.00036055257,0.04539245,0.5893378
52050127,52049845,0.807203,-0.001122558,0.04025617,0.5888988
52099805,52099532,0.80774784,-0.00084810174,0.0331522,0.5885948
52149491,52149219,0.80822283,-0.0007974599,0.026731912,0.58826923
52204130,52203875,0.8087395,-0.0008900545,0.020128947,0.58782196
52248908,52248594,0.809131,-0.0011398286,0.016072767,0.5874074
52298585,52298281,0.8094774,-0.0014768732,0.011803367,0.58703053
52348289,52347969,0.8097765,-0.0027337843,0.008002458,0.5866777
52402898,52402625,0.81018186,-0.0037758888,0.0041121845,0.58615214
52452576,52452312,0.81061137,-0.005126279,0.00081917254,0.5855616
52497328,52497030,0.81108886,-0.0045263115,-0.0005741761,0.5849051
52551938,52551686,0.81177306,-0.00473567,-0.0021537538,0.58394986
52601648,52601374,0.81240374,-0.00425005,-0.0032972442,0.58307064
52651315,52651061,0.8130837,-0.0041220305,-0.004017554,0.58211845
52701276,52700748,0.81370556,-0.0036999155,-0.0044333106,0.5812485
52751131,52750436,0.81428236,-0.003350339,-0.0045693414,0.5804413
52800446,52800123,0.81478494,-0.0030135477,-0.0042973114,0.5797396
52850109,52849810,0.8151812,-0.0027261467,-0.003954681,0.5791862
52899811,52899497,0.8154527,-0.0021192634,-0.0036740436,0.5788082
52949437,52949184,0.8156473,-0.0016899512,-0.003151663,0.57853854
52999151,52998872,0.81576777,-0.0011508289,-0.0027507728,0.57837206
53048837,53048559,0.8158888,-0.00053566793,-0.002271016,0.5782041
53103483,53103215,0.8158946,-0.00053413433,-0.0014688628,0.5781987
53148208,53147934,0.815838,-0.0005243755,-0.00071613287,0.5782798
53197877,53197623,0.81574804,-0.0014797585,0.0026919823,0.57839936
53252893,53252277,0.81561756,-0.0029195892,0.010193212,0.57849437
53302315,53301964,0.8153887,-0.0037342727,0.020731557,0.57853055
53351923,53351651,0.814982,-0.0050553842,0.030472424,0.5786624
53396689,53396370,0.8145256,-0.005054855,0.035283934,0.57903147
53451295,53451026,0.81391174,-0.0035062295,0.03473626,0.57993877
53501000,53500713,0.8133562,-0.0013006906,0.031036735,0.5809362
53550649,53550400,0.8127501,-0.0004453703,0.026858138,0.5819931
53600338,53600088,0.8121313,0.000852877,0.02238611,0.58304465
53650043,53649775,0.8114521,0.0017402155,0.018629568,0.58411926
53699742,53699462,0.8107573,0.0019867574,0.015620127,0.5851707
53749437,53749149,0.8100227,0.0019280302,0.013072449,0.5862497
53804079,53803805,0.80928975,0.0018713013,0.01062999,0.58731043
53848864,53848524,0.80871624,0.0019244195,0.008767317,0.5881305
53898510,53898211,0.8082024,0.002008709,0.007225054,0.58885705
53953147,53952867,0.8077531,0.0047692866,0.0068571502,0.5894619
54002795,54002554,0.8074477,0.00859664,0.008016759,0.5898222
54052519,54052242,0.8072421,0.012892373,0.011716421,0.5899633
54097245,54096960,0.8071042,0.016539322,0.016053108,0.58995897
54151934,54151616,0.8070389,0.020203201,0.020540765,0.58979493
54201561,54201303,0.80709285,0.022351181,0.024008356,0.5895129
54251291,54250991,0.8072986,0.023719175,0.026817461,0.58905625
54300953,54300678,0.8077425,0.022915022,0.02677463,0.5884812
54351100,54350365,0.8082129,0.020901702,0.024950083,0.5879902
54400352,54400052,0.8085817,0.018861355,0.022649115,0.58764523
54450010,54449739,0.80886286,0.01669161,0.020240137,0.58741176
54499728,54499427,0.8091664,0.014079076,0.018206153,0.5871287
54549430,54549115,0.80948365,0.010850616,0.01590317,0.5868267
54599056,54598801,0.8098278,0.007968154,0.013531573,0.58645743
54653733,54653457,0.8101942,0.004966528,0.011012115,0.5860371
54703399,54703144,0.8105152,0.0024364507,0.00909321,0.5856419
54748122,54747863,0.81081116,0.00049281336,0.0079908,0.58525324
54797842,54797550,0.8111395,-0.0026293143,0.00913152,0.58477557
54852516,54852206,0.81137383,-0.008263812,0.013287684,0.5843183
54902181,54901893,0.81137836,-0.012998815,0.017381692,0.5841183
54951864,54951580,0.8112478,-0.013969765,0.017126031,0.58428454
55001525,55001269,0.8109799,-0.0129090985,0.014366914,0.5847552
55051274,55050955,0.81059754,-0.0107025225,0.011066276,0.5854013
55100932,55100642,0.8100857,-0.0089069065,0.008143224,0.5861872
55150596,55150329,0.80948454,-0.007589828,0.006001217,0.58706164
55200272,55200016,0.8089652,-0.006399631,0.0047215866,0.5878028
55249954,55249703,0.8084832,-0.006208699,0.0068590143,0.5884466
55299645,55299391,0.80801266,-0.007569023,0.0125162965,0.58898365
55354387,55354047,0.8075317,-0.010683574,0.021359816,0.58934045
55399036,55398765,0.8071274,-0.011952615,0.027668584,0.58960754
55448764,55448452,0.806766,-0.011184803,0.033958364,0.58978844
55498462,55498140,0.80646443,-0.008784801,0.03852989,0.58996046
55553074,55552795,0.8062526,-0.0054173414,0.042233568,0.59003717
55602751,55602483,0.80611616,-0.0025030707,0.044501152,0.5900765
55647489,55647201,0.8059978,0.0014131782,0.045768145,0.59014475
55702117,55701857,0.8058098,0.0056096916,0.045059346,0.59043103
55751816,55751544,0.8055295,0.010095429,0.043078344,0.5909016
55801522,55801231,0.8051298,0.013634753,0.0407489,0.5915401
55851188,55850918,0.8045711,0.016265312,0.03877815,0.59236574
55900969,55900606,0.80377036,0.019743435,0.037342347,0.5934382
55950661,55950293,0.8027609,0.022369856,0.036233474,0.5947788
56000324,55999980,0.8016204,0.024514927,0.0350704,0.5963001
56049947,56049667,0.8003534,0.02595142,0.03403937,0.5979987
56099625,56099354,0.7990107,0.027397601,0.03338416,0.5997641
56149334,56149042,0.7977595,0.027911032,0.0324929,0.60145247
56199023,56198729,0.79646784,0.02807555,0.03149679,0.60320705
56253639,56253385,0.79504716,0.027934816,0.030803407,0.60512066
56298357,56298103,0.7939189,0.02665548,0.030098313,0.6066929
56348057,56347790,0.79266566,0.024400085,0.02954833,0.60845107
56402750,56402446,0.79124373,0.022632763,0.029182289,0.6103848
56452545,56452133,0.79004407,0.018041385,0.027369214,0.6121731
56502175,56501821,0.7887803,0.011919892,0.02500874,0.6140507
56546839,56546539,0.78759354,0.006618235,0.022849543,0.6157359
56601464,56601195,0.78616285,0.002091261,0.020601941,0.6176724
56651134,56650882,0.7847472,-0.00084896834,0.017176934,0.6195774
56700849,56700569,0.78323823,-0.0022339383,0.013709528,0.6215665
56750529,56750256,0.7817525,-0.0027738481,0.01042397,0.62349546
56800219,56799943,0.780253,-0.0039869174,0.006801344,0.6254143
56849900,56849631,0.7789178,-0.00742102,0.001870538,0.6270793
56899591,56899318,0.7776836,-0.010649334,-0.0026870328,0.6285599
56949305,56949005,0.77671105,-0.012539146,-0.0054822564,0.6297084
56999003,56998692,0.7759559,-0.012309777,-0.0068762074,0.6306296
57048691,57048379,0.77537024,-0.011001085,-0.0071354094,0.6313709
57103321,57103035,0.77490425,-0.009153927,-0.006476488,0.6319791
57152986,57152722,0.7746329,-0.0074478663,-0.0058877585,0.6323399
57197754,57197440,0.7745539,-0.006331048,-0.0052875713,0.63245416
57247387,57247128,0.7746647,-0.0053487513,-0.004412692,0.6323343
57302066,57301784,0.7749455,-0.0043769567,-0.003305371,0.63200444
57351729,57351471,0.77526295,-0.0036049641,-0.0025808695,0.6316231
57401432,57401158,0.77567726,-0.0025910055,-0.0020042707,0.63112134
57451139,57450845,0.7761538,-0.0019316335,-0.0006576626,0.63054043
57500811,57500532,0.7766302,0.0020226813,0.0029759065,0.62994653
57550625,57550219,0.7771276,0.006406469,0.00910321,0.62924474
57600313,57599906,0.7775834,0.010185434,0.0155093,0.62850606
57649900,57649593,0.7779878,0.012214825,0.019290527,0.62786454
57699540,57699280,0.7784289,0.011278457,0.019114127,0.6273404
57749346,57748968,0.778838,0.009713604,0.018152213,0.62688714
57803941,57803623,0.7792595,0.008222815,0.016335906,0.6264346
57853607,57853311,0.77961504,0.006537341,0.014611073,0.62605447
57898325,57898029,0.7798979,0.0060230703,0.012990334,0.62574303
57948000,57947716,0.7802692,0.0051604947,0.011540838,0.6253161
58002670,58002372,0.7806524,0.0046821386,0.009880917,0.62486994
58052401,58052059,0.78094316,0.0038552347,0.008779517,0.6245286
58102097,58101746,0.7811507,0.0035604818,0.0077761193,0.6242841
58151721,58151433,0.7813207,0.003047266,0.0070691584,0.62408227
58201383,58201120,0.78142285,0.0028951864,0.0063853143,0.6239626
58251052,58250807,0.7814485,0.0027767997,0.005620038,0.62393826
58300750,58300495,0.7814743,0.0025080957,0.0046876343,0.6239148
58350432,58350182,0.7814796,0.0017204426,0.0041816565,0.6239145
58400148,58399869,0.7814424,0.0013114085,0.0038517476,0.62396425
58449826,58449557,0.7814207,0.0008239583,0.0034217734,0.6239946
58504578,58504212,0.7813696,0.00032209323,0.0027261626,0.6240626
58549205,58548930,0.7813486,0.0002919411,0.0025013376,0.6240899
58598909,58598617,0.78138816,-5.155663e-05,0.0023054276,0.6240412
58648563,58648304,0.78139246,-0.00020527765,0.0019105372,0.62403697
58703234,58702960,0.78138655,-0.00028730347,0.0016515559,0.624045
58752916,58752647,0.78134954,-0.00035106693,0.0017732739,0.62409097
58797664,58797366,0.78119284,0.00019959068,0.002000819,0.6242865
58852352,58852023,0.78093374,0.0004314969,0.0025492837,0.6246086
58901971,58901708,0.7805679,0.00044366348,0.0026568742,0.6250652
58951704,58951396,0.78002584,0.00072914484,0.0030862151,0.6257393
59001367,59001083,0.7794277,0.00056815543,0.0033746762,0.62648296
59051026,59050770,0.7788134,0.00015746025,0.0036424233,0.62724507
59100772,59100457,0.7783251,-7.998795e-05,0.0041579027,0.62784773
59150455,59150144,0.7779655,-0.00053124677,0.004524377,0.62829065
59200173,59199831,0.7777507,-0.0004371802,0.004850587,0.62855405
59250187,59249518,0.7776437,-0.00046970704,0.0049357656,0.62868583
59299498,59299205,0.7776371,-0.00045627798,0.004799703,0.62869495
59349170,59348892,0.77773994,-0.0002552932,0.0048553296,0.6285673
59403817,59403548,0.77785635,3.927454e-05,0.0051508057,0.628421
59448523,59448266,0.7779632,-0.0003280469,0.005088425,0.6282892
59498270,59497953,0.7780323,1.2324159e-05,0.0051076133,0.62820363
59552890,59552609,0.7780859,-0.0002778164,0.0051309885,0.62813693
59602567,59602296,0.7781555,-0.0003314281,0.0052378587,0.6280498
59652274,59651983,0.7781816,-0.0003520061,0.005252062,0.62801737
59696957,59696702,0.77815795,0.0015525058,0.006476743,0.6280334
59751667,59751357,0.77804613,0.007170442,0.012814155,0.6280355
59801319,59801045,0.777834,0.01478119,0.023296334,0.627864
59850987,59850732,0.7775276,0.021276645,0.03504351,0.6275112
59900702,59900419,0.7771954,0.026790557,0.046055153,0.62699956
59950375,59950106,0.7769025,0.03363472,0.054886024,0.6263217
60000069,59999793,0.77671254,0.0394952,0.06148784,0.62560135
60049798,60049480,0.7766469,0.045023687,0.06641917,0.6248048
60099420,60099167,0.77665466,0.050152555,0.07011001,0.6240007
60149176,60148854,0.7767386,0.053765986,0.07291724,0.6232734
60198818,60198541,0.77682406,0.05692424,0.07495566,0.6226441
60253480,60253197,0.77697396,0.05918575,0.07650028,0.62205803
60303154,60302884,0.77714884,0.06098467,0.07725473,0.6215725
60347908,60347602,0.77733463,0.061647724,0.0779155,0.62119216
60397567,60397289,0.7776117,0.06100373,0.07843085,0.620844
60452221,60451945,0.77803034,0.056859057,0.079144865,0.62062234
60501904,60501632,0.77847826,0.051903896,0.07963537,0.62043184
60551617,60551319,0.77891904,0.047734953,0.08034956,0.6201215
60601312,60601006,0.7793994,0.043974124,0.08104501,0.6197053
60650972,60650695,0.77997875,0.038532797,0.07936003,0.6195567
60700641,60700380,0.78090143,0.027710311,0.070415124,0.620054
60750316,60750067,0.7818257,0.020143228,0.05777001,0.62048817
60800257,60799754,0.7826419,0.014609028,0.04415052,0.6207326
60849734,60849441,0.78326625,0.010987285,0.03317472,0.62070346
60899468,60899128,0.78370744,0.008178019,0.024572005,0.62059003
60954056,60953784,0.7840785,0.0055872034,0.017094394,0.62040114
60998793,60998502,0.78428257,0.0039685876,0.012869941,0.6202576
61048467,61048189,0.78443235,0.0027862838,0.009258879,0.62013906
61098152,61097876,0.78450423,0.0010865013,0.0070156856,0.62008274
61152828,61152532,0.78452504,-0.0002922746,0.0074751824,0.6200522
61202519,61202219,0.78454745,-0.0013721097,0.012463601,0.6199421
61247210,61246937,0.78448576,-0.0023854126,0.018907882,0.61985403
61301961,61301593,0.7842912,-0.0027226084,0.026546882,0.6198187
61351635,61351280,0.7840372,-0.0011627566,0.031918705,0.6198915
61401217,61400967,0.78375036,0.0033621844,0.036668487,0.61998355
61450953,61450654,0.78340995,0.008581417,0.03965362,0.62017983
61500595,61500341,0.7830645,0.009928263,0.039347,0.6206153
61550317,61550028,0.782771,0.0061307563,0.03499358,0.621295
61599980,61599715,0.7823744,0.00025602634,0.032119483,0.62197965
61649680,61649402,0.78188545,-0.0050098603,0.03072574,0.62264454
61699364,61699091,0.7813382,-0.009450101,0.03293944,0.6231663
61749073,61748776,0.78075933,-0.011842324,0.037582234,0.6235881
61798719,61798463,0.7801922,-0.011928396,0.041716017,0.6240334
61853407,61853118,0.77946305,-0.010404481,0.04565841,0.6246956
61903065,61902805,0.7789595,-0.005906336,0.04962283,0.62507993
61947857,61947524,0.7786002,-0.002431028,0.051742524,0.6253787
62002468,62002179,0.7783232,0.001236293,0.0534742,0.62558144
62052164,62051866,0.77830833,0.0029921639,0.05417028,0.625534
62101823,62101553,0.77852976,0.004254238,0.054567263,0.6252165
62151515,62151240,0.77895766,0.004343752,0.054468572,0.62469137
62201200,62200927,0.7794658,0.0033116008,0.05509006,0.624009
62250886,62250614,0.7800666,0.0018380756,0.055063147,0.6232662
62300627,62300301,0.7807366,-0.00016151324,0.053632457,0.6225543
62350240,62349988,0.7813605,-0.0026456718,0.051693197,0.6219299
62399961,62399675,0.78189623,-0.0040764227,0.04993483,0.6213921
62449692,62449362,0.782309,-0.0067283013,0.047397528,0.6210483
62499370,62499049,0.7825922,-0.008791315,0.044648033,0.62086946
62553982,62553704,0.78268,-0.010960435,0.040611804,0.6210014
62598711,62598423,0.7826615,-0.012969863,0.03794824,0.62115437
62648387,62648110,0.78251296,-0.014126396,0.035051905,0.62148637
62703031,62702765,0.7822901,-0.015238563,0.032335956,0.62188786
62752713,62752452,0.7820738,-0.015552293,0.029787604,0.62227917
62802385,62802139,0.7818559,-0.015208498,0.027224759,0.6226788
62847123,62846857,0.78173196,-0.012141111,0.024855131,0.62300074
62901854,62901516,0.7816943,-0.007709771,0.019819165,0.6232992
62951495,62951200,0.78188264,-0.004312465,0.015462946,0.62321895
63001307,63000887,0.78229946,-0.0022724369,0.011680435,0.6227889
63051148,63050574,0.7829925,-0.0006291406,0.008572031,0.6219719
63100537,63100261,0.7838191,0.00089409936,0.006079212,0.62095904
63150228,63149948,0.7848222,0.001886185,0.0045612766,0.6197013
63199913,63199635,0.7859206,0.0028629988,0.0038209567,0.618309
63249592,63249322,0.7869927,0.0045844805,0.0031319286,0.6169374
63299303,63299008,0.788039,0.0104494,0.0074694534,0.6154914
63348955,63348695,0.78899074,0.016942516,0.014229124,0.6140067
63403743,63403351,0.79002446,0.021034442,0.017950013,0.6124513
63453429,63453038,0.79113865,0.02005041,0.016867252,0.61107546
63498014,63497756,0.7922255,0.01813644,0.014526983,0.60978585
63547728,63547443,0.79361004,0.015482111,0.011663609,0.60811794
63602372,63602099,0.7951487,0.013099134,0.009168197,0.6062037
63652062,63651786,0.79633397,0.010864471,0.0069975783,0.60471904
63701751,63701473,0.79720193,0.009233145,0.005067073,0.60362095
63751440,63751160,0.79783016,0.0074653,0.0036410533,0.60282516
63801102,63800846,0.7982089,0.0060660914,0.0025741174,0.6023449
63850789,63850533,0.79835266,0.0045464034,0.0018608561,0.6021701
63900476,63900220,0.79827154,0.0035119716,0.0010770555,0.6022866
63950172,63949907,0.7981127,0.002111995,0.0006089606,0.6025042
63999884,63999594,0.7978483,0.0013061734,0.0003942464,0.6028568
64049583,64049281,0.797572,0.0007098876,0.00047018795,0.6032231
64104216,64103937,0.7972597,0.000107130734,0.00025237128,0.6036364
64148943,64148655,0.7970094,-0.0004478502,0.00035882063,0.6039667
64198595,64198342,0.79675055,-0.0007355105,0.00050236034,0.6043078
64248337,64248029,0.79651976,-0.0006566439,0.00055244035,0.604612
64302970,64302684,0.79629856,-0.0008823283,0.00056159735,0.604903
64352658,64352371,0.79613364,-0.0011685973,0.0007874038,0.60511917
64397367,64397089,0.795944,-0.00039747782,0.0007096898,0.60536975
64452001,64451745,0.7957704,-1.2645669e-05,0.0006795419,0.60559815
64501729,64501432,0.7956152,-0.00017331874,0.00077664,0.60580194
64551503,64551119,0.79547125,-0.00053409254,0.0013478553,0.60598963
64601231,64600805,0.7952544,-0.00091431086,0.001953457,0.6062721
64650762,64650492,0.7949885,-0.00093269633,0.0024883824,0.6066188
64700473,64700179,0.7947359,-0.0008189973,0.0028089108,0.60694855
64750133,64749866,0.7944448,-0.00097442855,0.0032261962,0.6073271
64799858,64799553,0.794054,-0.0003615608,0.0033475133,0.60783803
64849518,64849240,0.79362696,6.767177e-05,0.003344253,0.6083954
64899181,64898927,0.79321694,-0.00033179353,0.003427015,0.6089295
64948895,64948614,0.7928263,-0.00042985985,0.0034184358,0.609438
65003568,65003269,0.7924054,-0.0006875615,0.003486578,0.6099845
65048278,65047987,0.79208267,-0.00076970586,0.0035611794,0.610403
65097968,65097674,0.7916844,0.0005747302,0.0042333486,0.61091536
65152603,65152330,0.79131436,0.0065971417,0.008681863,0.61131227
65202291,65202017,0.79096705,0.016008807,0.015866626,0.61144346
65251974,65251704,0.79026866,0.031642325,0.027214605,0.6113375
65296912,65296422,0.78927594,0.047931325,0.040038496,0.61085445
65351376,65351077,0.7879111,0.065721944,0.053359468,0.6099422
65401047,65400764,0.7866851,0.07859653,0.06348654,0.6090309
65450748,65450451,0.7854433,0.09105992,0.072559886,0.60788316
65500397,65500138,0.78459746,0.09942838,0.07941774,0.6068061
65550081,65549825,0.7843982,0.10340315,0.08282917,0.6059429
65599807,65599512,0.7843706,0.10649477,0.085279845,0.60510254
65649754,65649199,0.78468037,0.107326865,0.08615225,0.60443
65699203,65698885,0.7855671,0.104944944,0.08469165,0.60390246
65748870,65748572,0.7871011,0.09789236,0.080316834,0.6036873
65798523,65798259,0.78948057,0.08475516,0.070700385,0.60377026
65853186,65852915,0.7923171,0.06620695,0.056719977,0.60384864
65902851,65902601,0.7942713,0.051371243,0.045561753,0.6036708
65952561,65952288,0.79572743,0.039639067,0.036098972,0.6032774
65997303,65997006,0.7966509,0.031271424,0.02898264,0.60293406
66051939,66051662,0.797398,0.023549287,0.02218577,0.60258603
66101650,66101349,0.79775393,0.017500164,0.017434517,0.60247684
66151342,66151036,0.7978819,0.013331144,0.013475504,0.60251564
66201051,66200723,0.79780036,0.01023744,0.010599258,0.60274154
66250686,66250409,0.79750186,0.0075262417,0.008118496,0.6032149
66300383,66300096,0.79711354,0.0054440224,0.0059795748,0.60377544
66350051,66349783,0.7966929,0.003182154,0.004468201,0.6043594
66399739,66399470,0.79614824,0.0019644613,0.0031904764,0.60509014
66449442,66449157,0.7955741,0.0012102321,0.0024279098,0.60585016
66499123,66498844,0.795025,0.00054012827,0.0022870202,0.6065721
66553753,66553499,0.79438096,0.007008839,0.006390305,0.6073459
66603910,66603186,0.7936599,0.017565407,0.015044724,0.60792196
66648172,66647904,0.7929431,0.026297307,0.022868969,0.6082983
66697875,66697591,0.7920095,0.035516523,0.031210829,0.60867524
66752543,66752246,0.79116327,0.04040172,0.039770402,0.6089719
66802225,66801933,0.79063684,0.038952492,0.04519837,0.60937136
66851901,66851621,0.7903059,0.035186905,0.049133316,0.60972494
66901565,66901307,0.7901154,0.029064618,0.052190606,0.61004025
66951270,66950994,0.7901535,0.024581596,0.05128468,0.61026484
67000960,67000681,0.7903676,0.021145998,0.04638041,0.6105087
67050661,67050367,0.79074883,0.016218664,0.038158335,0.61073494
67100363,67100054,0.79111886,0.012248389,0.030663723,0.6107706
67150008,67149741,0.7914688,0.009930996,0.024446763,0.6106398
67199709,67199428,0.7917828,0.0071150465,0.019088889,0.610463
67254354,67254083,0.7920744,0.005928349,0.015587592,0.61019677
67299143,67298802,0.7922405,0.008181534,0.014802069,0.60997456
67348808,67348488,0.79230785,0.013457586,0.018086,0.6097051
67398445,67398176,0.79238534,0.018143324,0.023085175,0.6093139
67453086,67452831,0.79232967,0.024687313,0.030228322,0.6088435
67502785,67502517,0.7923953,0.02828147,0.03716598,0.6082176
67547496,67547236,0.79272777,0.028323643,0.041050956,0.6075322
67602151,67601891,0.7932164,0.026160331,0.045677524,0.6066605
67651884,67651578,0.79360074,0.024175245,0.051673338,0.60575867
67701537,67701265,0.79386127,0.023940831,0.057998925,0.6048532
67751290,67750952,0.7940057,0.026739182,0.06717475,0.60359555
67801011,67800638,0.79406494,0.030560346,0.07675431,0.6021926
67850851,67850325,0.7940956,0.033719644,0.08455177,0.6009379
67900283,67900012,0.7941013,0.03501291,0.090572804,0.5999782
67949944,67949699,0.79417497,0.033938903,0.093539044,0.5994871
67999643,67999386,0.7942783,0.03278748,0.094758466,0.59922284
68049392,68049073,0.794435,0.031553656,0.09268475,0.5994056
68099022,68098759,0.79494166,0.027897567,0.08644755,0.59984696
68153684,68153415,0.7955216,0.026514797,0.0810646,0.59989244
68198416,68198133,0.7959239,0.0246976,0.076596364,0.60002357
68248073,68247820,0.7963669,0.019610843,0.07013423,0.60041374
68302802,68302475,0.7967624,0.011132285,0.06057148,0.6011463
68352568,68352162,0.7970059,0.004360202,0.051689018,0.6017399
68402139,68401849,0.7971798,0.0009436616,0.04341009,0.60217863
68446889,68446567,0.7972053,-9.323183e-05,0.03594287,0.60263747
68501505,68501222,0.79715884,-0.0012504435,0.027783819,0.60312873
68551180,68550909,0.79706746,-0.0018394631,0.022576006,0.6034654
68600850,68600596,0.7968934,-0.0018175088,0.018013129,0.6038486
68650532,68650283,0.7966446,-0.0020908574,0.014469348,0.6042713
68700238,68699970,0.7963406,-0.0018797328,0.0115739135,0.60473484
68749953,68749656,0.79606014,-0.0016995156,0.009493885,0.60514075
68799638,68799343,0.7957518,-0.0012224225,0.0074928477,0.60557544
68849309,68849030,0.7954513,-0.0018392566,0.006261136,0.6059824
68898990,68898717,0.79515725,-0.0015842051,0.0056230766,0.6063753
68948715,68948404,0.7948585,-0.0013357718,0.005179116,0.60677135
69003324,69003059,0.79455906,-0.00058011623,0.008218768,0.60713094
69053020,69052746,0.7942814,0.00063611194,0.014361949,0.60738
69097754,69097464,0.7940171,0.0018520233,0.020540787,0.6075455
69147505,69147151,0.79365295,0.0023806146,0.027469454,0.60774565
69202075,69201806,0.7932181,0.0021677462,0.034150705,0.6079754
69251768,69251493,0.79277617,0.00035889482,0.038921017,0.60826904
69301453,69301180,0.7923798,-0.00085290545,0.042794194,0.60852474
69351188,69350866,0.79203093,-0.0017256717,0.045955397,0.6087465
69400852,69400553,0.791747,-0.0017774795,0.048963673,0.60888124
69450533,69450240,0.79169625,-0.0008829517,0.05021972,0.6088467
69500209,69499927,0.7916696,-0.00021737524,0.051311422,0.6087909
69549882,69549613,0.79170626,0.0026622133,0.052153468,0.60866594
69599582,69599300,0.79176825,0.0046157576,0.053346038,0.60847026
69649238,69648987,0.7917664,0.006909052,0.05751667,0.6080708
69703923,69703643,0.7917175,0.008522899,0.06307102,0.607563
69753599,69753329,0.79161793,0.009487751,0.068014145,0.6071452
69798308,69798047,0.7915736,0.009692231,0.07134142,0.6068177
69848031,69847734,0.79152924,0.009127244,0.07463497,0.60648817
69903002,69902390,0.7913775,0.0076598786,0.078752235,0.6061858
69952349,69952076,0.79137003,0.007199128,0.08091864,0.60591584
70002020,70001763,0.7914271,0.0071845246,0.08207823,0.6056853
70051705,70051450,0.7914797,0.008166067,0.08221225,0.60558605
70101449,70101137,0.79145783,0.008322738,0.08222955,0.60561013
70151114,70150823,0.7914627,0.0072312765,0.08112661,0.6057664
70200783,70200510,0.7914177,0.0008818334,0.077837236,0.6062992
70250474,70250197,0.79131824,-0.007677529,0.073030606,0.6069787
70300147,70299884,0.7911899,-0.0133949965,0.069017306,0.60751617
70349863,70349570,0.79112124,-0.016924221,0.06537109,0.60792077
70404541,70404226,0.7912204,-0.019265888,0.057736073,0.60849464
70449217,70448944,0.7914726,-0.018356763,0.049138863,0.6089495
70498905,70498631,0.7917836,-0.0151607115,0.037832525,0.60944045
70549069,70548317,0.79204416,-0.011664318,0.027889503,0.609715
70603229,70602973,0.7922556,-0.009148073,0.019117622,0.6098213
70652942,70652659,0.79247874,-0.006975697,0.012384199,0.609734
70697650,70697377,0.7926813,-0.004472566,0.007559753,0.6095729
70752322,70752033,0.79296523,-0.0032048589,0.00257243,0.609253
70801988,70801720,0.79316527,0.0013807432,-0.0056861667,0.60897845
70851684,70851406,0.7931925,0.00938374,-0.01701195,0.6086611
70901364,70901093,0.79320294,0.01746607,-0.02331942,0.60826015
70951051,70950780,0.7934573,0.021160685,-0.022575768,0.607839
71001230,71000467,0.7937197,0.02526203,-0.016169962,0.60754377
71050639,71050153,0.79385835,0.031154947,-0.0072414125,0.607261
71100118,71099840,0.79396707,0.034850374,0.001879935,0.6069581
71149801,71149527,0.79429126,0.034341726,0.00740635,0.6065206
71199529,71199213,0.7948678,0.028765967,0.00877301,0.60603684
71249211,71248900,0.7954828,0.023957133,0.009856371,0.60542214
71303809,71303556,0.79613525,0.020510025,0.011013545,0.60467076
71348519,71348273,0.7965796,0.016572008,0.011000074,0.6042063
71398234,71397960,0.7968139,0.013081529,0.010449526,0.6039929
71452917,71452616,0.7969073,0.007567043,0.011188592,0.6039507
71502638,71502302,0.79674304,0.003929627,0.016068684,0.60409194
71552312,71551989,0.79636425,0.007288123,0.029527307,0.60405236
71596974,71596707,0.79580903,0.014459831,0.04630788,0.6036012
71651720,71651363,0.7949795,0.022481507,0.061814312,0.60305977
71701322,71701049,0.7940709,0.028630387,0.07008841,0.60309166
71751034,71750736,0.7933042,0.03381508,0.07449304,0.6033041
71800753,71800423,0.79276276,0.03631514,0.07566943,0.603724
71850376,71850109,0.7926502,0.034361266,0.07041471,0.60462123
71900060,71899796,0.7928101,0.030764882,0.06017401,0.60571027
71949754,71949483,0.7929511,0.026190663,0.049322,0.6067206
71999424,71999169,0.79303694,0.021372145,0.039208673,0.6075348
72049138,72048856,0.7930606,0.017367529,0.029952178,0.60815793
72098800,72098543,0.7930295,0.013362471,0.022462463,0.60862243
72153458,72153198,0.7929963,0.0112149725,0.016352164,0.6089038
72203170,72202885,0.7929846,0.00820682,0.014899285,0.60900426
72247901,72247603,0.79304963,0.0071774805,0.01618388,0.6088998
72297583,72297290,0.79311454,0.005790868,0.019682402,0.6087269
72352208,72351945,0.7931412,0.0064094225,0.021236949,0.60863364
72401899,72401632,0.7932566,0.00800405,0.020785615,0.60848
72451587,72451318,0.79336995,0.0086166775,0.019880258,0.60835403
72501276,72501005,0.79355997,0.009001933,0.018919146,0.60813135
72550948,72550692,0.7937416,0.009039864,0.018685801,0.60790086
72600747,72600378,0.79387605,0.009357147,0.019127926,0.60770667
72650347,72650065,0.79402995,0.010479443,0.019785682,0.60746616
72700043,72699752,0.79416275,0.011610714,0.021750195,0.6072049
72750069,72749439,0.7942301,0.011005449,0.028554536,0.60684603
72799399,72799125,0.79427725,0.010892782,0.037516672,0.60629815
72854081,72853781,0.794123,0.01071536,0.0503654,0.6055718
72898769,72898499,0.7940123,0.011802786,0.06129451,0.6046885
72948453,72948185,0.79382586,0.013008326,0.07133366,0.6038069
72998130,72997872,0.793664,0.011734056,0.07753362,0.60328144
73052794,73052527,0.7935422,0.0042682616,0.0777462,0.6035132
73102609,73102214,0.7932801,-0.00638741,0.07519552,0.6041619
73147228,73146932,0.79331404,-0.01295937,0.071215875,0.6044943
73201861,73201587,0.7935814,-0.018475529,0.06388588,0.6048189
73251573,73251274,0.7940227,-0.018359836,0.05467556,0.60514593
73301237,73300961,0.79469377,-0.01620172,0.04328556,0.60524863
73350919,73350647,0.7953536,-0.014118379,0.033288896,0.6050662
73400615,73400334,0.7959117,-0.011302254,0.023994913,0.6048315
73450292,73450021,0.7963757,-0.0075238096,0.016013043,0.6045435
73500011,73499707,0.79691887,-0.006060459,0.011963419,0.6039376
73549676,73549394,0.79760075,-0.006896892,0.018902695,0.6028501
73599329,73599081,0.7979649,-0.009536456,0.028692938,0.6019451
73649064,73648767,0.7981032,-0.010500215,0.031479567,0.6016062
73698737,73698455,0.7980616,-0.010185236,0.029047007,0.6017892
73753381,73753109,0.797862,-0.008674962,0.025692139,0.60222995
73803070,73802796,0.79766876,-0.006257792,0.022397742,0.6026473
73848114,73847514,0.7976087,-0.0041813203,0.019043697,0.60286015
73902475,73902169,0.7974992,-0.0024152438,0.015925067,0.60310495
73952147,73951856,0.7975232,0.0013223544,0.014911718,0.6031026
74001816,74001543,0.79741913,0.0045922236,0.015766418,0.60320246
74051484,74051229,0.7971381,0.007095923,0.017414112,0.60350424
74101232,74100916,0.79672486,0.008319456,0.020229604,0.6039462
74150850,74150603,0.7962548,0.007997925,0.024864692,0.6043972
74200600,74200289,0.79570454,0.008004694,0.03188628,0.6047921
74250298,74249976,0.7951498,0.008054784,0.037314624,0.6052105
74299963,74299663,0.79467976,0.00931282,0.04028228,0.6056194
74349630,74349350,0.7943614,0.009401228,0.041297685,0.6059671
74399314,74399036,0.793927,0.0077082166,0.041952252,0.606515
74453987,74453692,0.79355216,0.003931616,0.039919402,0.60717887
74498704,74498410,0.7932981,6.674634e-05,0.03441691,0.6078599
74548382,74548096,0.7925614,0.0029771642,0.029636767,0.60906434
74603006,74602751,0.79145384,0.0024333242,0.029677471,0.6105034
74652712,74652438,0.7901364,0.001686236,0.027656626,0.6123044
74702450,74702125,0.78866297,0.0030492386,0.02805349,0.614178
74747140,74746843,0.7869105,0.0049458416,0.027493829,0.61643463
74801809,74801498,0.78462434,0.005988008,0.025880415,0.61940217
74851455,74851185,0.7822801,0.008506646,0.023876522,0.62241113
74901151,74900872,0.7800552,0.008116316,0.019435642,0.62535614
74950828,74950558,0.77834404,0.008067405,0.020363424,0.627456
75000514,75000245,0.77670807,0.0070411554,0.019670868,0.62951416
75050212,75049932,0.7747948,0.005624559,0.018349333,0.6319215
75099872,75099618,0.77325904,0.004377081,0.01872409,0.6337987
75149588,75149305,0.7714134,0.0038699452,0.019023633,0.6360382
75199257,75198992,0.76992565,0.0038073815,0.019227378,0.6378325
75248948,75248678,0.7679961,0.0030748702,0.018619725,0.6401764
75303624,75303334,0.76700807,0.004540799,0.019127415,0.6413363
75353292,75353020,0.76673496,0.0049778116,0.01886788,0.6416672
75398096,75397738,0.7664264,0.0046951654,0.017121023,0.6420868
75447751,75447425,0.7665163,0.0031080018,0.01765486,0.64197457
75502359,75502080,0.76579183,0.0041185142,0.018626021,0.6428056
75552066,75551767,0.7655845,0.0056088236,0.017555775,0.6430713
75601731,75601454,0.76547116,0.0056919805,0.017154643,0.64321643
75651406,75651140,0.76552415,0.0070963,0.016175961,0.6431647
75701083,75700827,0.7657839,0.004757316,0.016870806,0.642859
75750769,75750514,0.76593363,0.0041911975,0.01531759,0.6427236
75800473,75800200,0.7657597,0.004727502,0.014203116,0.6429527
75850204,75849887,0.7657504,0.003629031,0.014418938,0.6429661
75899889,75899573,0.76556134,0.004427025,0.013677013,0.6432023
75949577,75949260,0.7655981,0.00374556,0.0135634905,0.6431654
76004190,76003915,0.7655311,0.0037782236,0.013104946,0.64325446
76049011,76048633,0.76555496,0.0034406513,0.012662276,0.6432367
76098601,76098320,0.7655782,0.0036014698,0.012405385,0.6432132
76148264,76148007,0.76557297,0.0033443056,0.011914338,0.64323014
76202916,76202662,0.76568145,0.003434941,0.011847643,0.64310175
76252652,76252349,0.76569384,0.0035083885,0.012021949,0.64308333
76297344,76297067,0.765699,0.0033113488,0.0116365,0.64308536
76352053,76351722,0.76581234,0.0035052767,0.01167102,0.6429487
76401729,76401409,0.76583403,0.0036835645,0.0115742115,0.6429236
76451355,76451095,0.76588005,0.0036268532,0.011408564,0.64287204
76501083,76500782,0.765914,0.003756285,0.011648118,0.6428267
76550744,76550468,0.7659739,0.0037058175,0.011610516,0.6427561
76600446,76600155,0.7659289,0.0038057033,0.011697883,0.64280766
76650118,76649842,0.76584107,0.003807912,0.01176927,0.642911
76699783,76699528,0.765763,0.0039549884,0.011540051,0.6430072
76749501,76749215,0.76572907,0.00380392,0.011396817,0.64305115
76799166,76798902,0.7656264,0.0038387638,0.011227283,0.6431761
76848861,76848588,0.76551914,0.0038794328,0.011181983,0.6433043
76903588,76903243,0.76540875,0.0038511413,0.011388208,0.6434322
76948259,76947961,0.7652426,0.0039372593,0.011340179,0.64363015
76997972,76997648,0.7651539,0.0039216103,0.011371317,0.6437351
77052556,77052303,0.765,0.0039701285,0.011221553,0.6439204
77102236,77101990,0.76486397,0.003759515,0.011130442,0.64408475
77151923,77151677,0.7646644,0.0039687203,0.010984544,0.6443229
77196678,77196395,0.7646026,0.0039788745,0.0110582085,0.6443949
77251321,77251050,0.76445377,0.0039680935,0.011214004,0.6445689
77301026,77300736,0.76423246,0.0039585573,0.01096094,0.64483553
77350695,77350423,0.7641148,0.0038764873,0.010918956,0.6449764
77400379,77400110,0.76394445,0.0039503095,0.01079818,0.64517957
77450097,77449796,0.7637462,0.0039041582,0.010796006,0.64541465
77499804,77499483,0.7636409,0.004022924,0.010878501,0.6455371
77549480,77549170,0.7634917,0.0040137973,0.010678274,0.6457169
77604102,77603825,0.7632895,0.003983234,0.010692833,0.6459558
77648994,77648543,0.76312226,0.003914879,0.01067335,0.6461542
77698486,77698229,0.7630109,0.0038556585,0.010696289,0.64628565
77753157,77752885,0.7627553,0.0041113677,0.010558528,0.646588
77802838,77802571,0.7626254,0.003937237,0.010787787,0.6467386
77852518,77852258,0.7624381,0.0040882607,0.0104029635,0.6469646
77897237,77896976,0.76231116,0.0041651186,0.010525263,0.64711183
77951928,77951631,0.7621263,0.0039632386,0.010488497,0.6473313
78001637,78001318,0.7619263,0.0040486157,0.010493147,0.64756614
78051302,78051004,0.7617442,0.004030434,0.010542468,0.64777964
78100946,78100691,0.7615805,0.004170826,0.0102859745,0.6479753
78150637,78150378,0.7614078,0.0040723435,0.010340812,0.64817804
78200340,78200064,0.7612425,0.0041040448,0.010323854,0.6483721
78250003,78249751,0.7610734,0.0042504664,0.010332689,0.6485695
78299731,78299437,0.7608858,0.004168569,0.010365822,0.6487897
78349399,78349124,0.760713,0.0041569774,0.010230987,0.6489944
78399075,78398811,0.7607561,0.004187622,0.010216528,0.6489441
78453818,78453466,0.7605195,0.0046326653,0.009606684,0.6492275
78503438,78503153,0.76058936,0.004395711,0.009703693,0.64914596
78548168,78547871,0.7606229,0.0046539023,0.009417138,0.649109
78597848,78597557,0.7605109,0.0045265234,0.009472046,0.6492404
78652488,78652213,0.7605049,0.004503021,0.0094174715,0.6492483
78702153,78701899,0.76054424,0.0047330563,0.009374227,0.64920115
78751843,78751586,0.7604224,0.0046466924,0.009338461,0.64934504
78801559,78801272,0.7603191,0.004837112,0.009071252,0.64946836
78851254,78850959,0.7602366,0.0047331713,0.009472873,0.6495601
78900917,78900646,0.7601543,0.0047735055,0.009588345,0.6496543
78950599,78950332,0.76018476,0.004765038,0.009450277,0.6496209
79000306,79000019,0.7600489,0.0044954685,0.009324529,0.6497834
79049973,79049705,0.75996685,0.0048646275,0.009162148,0.64987916
79099701,79099392,0.7599555,0.0047705313,0.009451491,0.64988893
79154304,79154047,0.7599126,0.0046749436,0.009594399,0.6499378
79199051,79198765,0.76011705,0.0043287086,0.009544688,0.6497017
79248719,79248452,0.7600505,0.004714053,0.009415333,0.6497789
79298408,79298139,0.76020455,0.004927975,0.009423243,0.6495969
79353060,79352794,0.75939226,0.005030825,0.009580094,0.65054315
79402790,79402480,0.75899935,0.0048649497,0.009688638,0.6510011
79447453,79447198,0.758752,0.003813683,0.011196899,0.6512723
79502130,79501854,0.7584612,0.004409708,0.010513991,0.6516185
79551849,79551540,0.75851536,0.0042011,0.010661933,0.6515545
79601525,79601227,0.75832987,0.0042262077,0.010745345,0.65176886
79651237,79650913,0.75816023,0.0042631226,0.010682755,0.65196687
79700877,79700600,0.7580122,0.004132381,0.010882902,0.6521367
79750551,79750287,0.757853,0.004217441,0.0107651865,0.65232307
79800245,79799973,0.7576874,0.0041953796,0.010785382,0.65251505
79849920,79849660,0.7575262,0.004115951,0.010865644,0.65270144
79899650,79899346,0.75734806,0.0042401515,0.010688477,0.65291023
79949330,79949033,0.75719714,0.004115972,0.01082406,0.6530838
79998994,79998720,0.7570102,0.0041620424,0.010733696,0.6533016
80053952,80053375,0.75681573,0.0041667344,0.010700886,0.65352744
80098348,80098093,0.75673205,0.0040664584,0.010758667,0.65362406
80148065,80147779,0.75735235,0.0041983216,0.010647618,0.6529062
80202711,80202435,0.7582602,0.004834417,0.00932873,0.6518674
80252395,80252121,0.75845313,0.0050531337,0.008532856,0.6516521
80302102,80301808,0.7590974,0.005136732,0.008347754,0.6509033
80346873,80346526,0.75961715,0.00509255,0.008404787,0.6502964
80401455,80401181,0.7602838,0.005055329,0.008291054,0.64951855
80451159,80450868,0.7603891,0.0060524503,0.00782387,0.6493924
80500878,80500554,0.7600177,0.005968575,0.008330782,0.64982176
80550527,80550241,0.7602401,0.0033309418,0.01118795,0.6495374
80600183,80599928,0.7600095,0.0040711677,0.010648961,0.64981186
80649867,80649614,0.76012146,0.0044132466,0.010100659,0.6496876
80699557,80699301,0.76022094,0.00358108,0.011087039,0.6495602
80749285,80748988,0.76006764,0.0042219926,0.010435915,0.6497465
80798969,80798674,0.76016706,0.0035544802,0.011203091,0.6496213
80848633,80848361,0.76004255,0.003871962,0.0109058,0.6497703
80903284,80903016,0.7599964,0.0036483814,0.011085095,0.6498226
80952998,80952703,0.7598486,0.0035995475,0.01118013,0.64999396
80997692,80997420,0.7597238,0.003623658,0.011109606,0.650141
81047402,81047107,0.7595587,0.0035582797,0.0112418085,0.6503321
81102010,81101762,0.75934905,0.0034815914,0.011329436,0.65057564
81151708,81151449,0.7590974,0.0036812515,0.011127391,0.6508716
81201467,81201136,0.7588959,0.0034720774,0.011394751,0.651103
81251119,81250822,0.75860673,0.0036930328,0.011150048,0.651443
81300931,81300509,0.75837326,0.0035885472,0.011276198,0.65171313
81350487,81350195,0.7581077,0.0036366049,0.011236861,0.6520225
81400133,81399882,0.7578449,0.003702611,0.011148236,0.6523289
81449843,81449569,0.75759447,0.0036237347,0.0112907365,0.65261775
81499525,81499255,0.7573276,0.0037387512,0.011164552,0.65292907
81549259,81548942,0.75707257,0.0037365267,0.0112035,0.6532241
81603856,81603597,0.7568165,0.0037006952,0.011265215,0.65351987
81653538,81653284,0.756553,0.0038501758,0.011106604,0.65382665
81698268,81698002,0.75634754,0.0037424522,0.01125052,0.6540626
81747951,81747688,0.75610465,0.0038502743,0.011133067,0.6543447
81802595,81802344,0.75585335,0.0038379761,0.01117712,0.65463436
81852319,81852030,0.7556266,0.0037992299,0.011242647,0.6548951
81901979,81901717,0.7553884,0.0038929796,0.011147383,0.6551711
81951713,81951404,0.75517553,0.003829221,0.011257844,0.65541476
82001356,82001090,0.75494725,0.0038892536,0.011205088,0.65567833
82051022,82050777,0.75473326,0.0039093355,0.011206178,0.6559245
82100741,82100464,0.7545283,0.003868921,0.011284342,0.6561591
82150404,82150150,0.7543117,0.003957368,0.011201733,0.65640897
82200108,82199837,0.75411993,0.0039023042,0.01131321,0.6566277
82249799,82249523,0.7539094,0.0039472375,0.0112743685,0.6568698
82304448,82304179,0.7536842,0.0039729043,0.011262337,0.6571282
82349267,82348897,0.7535033,0.0039073,0.01134001,0.65733486
82398947,82398583,0.7533138,0.0039351075,0.011346578,0.6575516
82448556,82448270,0.7547537,0.004486258,0.011333305,0.65589505
82503173,82502925,0.7592468,0.0033546884,0.0050451434,0.6507747
82552903,82552613,0.7650954,-0.010520131,-0.0056783324,0.643806
82597595,82597330,0.7712429,-0.019809868,-0.01877151,0.63595575
82652275,82651985,0.7801591,-0.023686782,-0.03227561,0.6242989
82701954,82701672,0.7887458,-0.024554124,-0.040704403,0.6128787
82751630,82751359,0.7965267,-0.027170476,-0.050097246,0.60191137
82801584,82801045,0.8023571,-0.025139187,-0.050646838,0.5941601
82851058,82850732,0.805787,0.014545028,0.010525789,0.59193325
82900732,82900419,0.8053751,0.03413572,0.006470715,0.5917466
82950400,82950105,0.8063145,0.02423504,-0.0057038735,0.5909628
83000052,82999792,0.8058315,0.017756842,-0.009744016,0.5917986
83049772,83049478,0.80745655,0.002903606,0.019571712,0.5895951
83099458,83099165,0.8094556,0.010792368,0.007973509,0.5870279
83149125,83148852,0.8126247,0.00592706,0.011946753,0.58263475
83203794,83203507,0.81426984,0.0055121463,0.010369939,0.58036774
83248499,83248225,0.8144092,0.0041017765,0.00899369,0.58020675
83298172,83297912,0.813866,0.004506781,0.008671403,0.5809705
83352849,83352567,0.8134823,0.0045191348,0.007689727,0.5815214
83402507,83402253,0.8130518,0.004942012,0.0065715187,0.5821332
83452216,83451940,0.8128226,0.004729658,0.0067460556,0.58245313
83497025,83496658,0.81252193,0.0052568032,0.006616117,0.5828695
83551576,83551313,0.8121961,0.005301349,0.006482893,0.58332455
83601260,83601000,0.81194144,0.005388263,0.0065337825,0.5836775
83650954,83650687,0.8116559,0.005393334,0.006602939,0.5840738
83700637,83700373,0.8113909,0.005453133,0.006594172,0.58444136
83750362,83750060,0.81119865,0.005420404,0.00673928,0.5847067
83800016,83799747,0.8110281,0.00543601,0.0068658646,0.58494157
83849732,83849433,0.8108751,0.0054579275,0.006962224,0.58515245
83899398,83899120,0.8107207,0.0054598874,0.0070503913,0.58536536
83949079,83948807,0.8105697,0.0054894285,0.0070455503,0.585574
83998801,83998493,0.81042606,0.005493666,0.007096713,0.5857724
84053418,84053149,0.8102914,0.0054624258,0.0072056153,0.5859575
84103099,84102835,0.8101606,0.0054402864,0.0072288783,0.5861382
84147844,84147553,0.81006664,0.005356395,0.0073910835,0.5862669
84197506,84197240,0.80994505,0.005380392,0.0073906737,0.5864346
84252184,84251895,0.8098274,0.00532635,0.0074785496,0.5865964
84301866,84301582,0.8097093,0.0053226226,0.007500915,0.5867592
84351527,84351269,0.8095911,0.0053312774,0.007493233,0.58692217
84401219,84400955,0.8094729,0.0053042807,0.0075379545,0.587085
84450938,84450642,0.809353,0.005278858,0.0075661996,0.58725005
84500648,84500329,0.8092396,0.0052358145,0.0076306555,0.58740574
84550332,84550017,0.8091286,0.005193082,0.0076911496,0.5875585
84599976,84599702,0.80901045,0.0051923348,0.007708824,0.587721
84649689,84649389,0.8088939,0.0051601417,0.0077668657,0.5878807
84699342,84699075,0.80878174,0.0051684873,0.0077702133,0.5880349
84753982,84753731,0.80865496,0.0051573147,0.007801341,0.58820903
84798775,84798449,0.8085489,0.0051375935,0.007837105,0.5883544
84848407,84848135,0.8084393,0.0051220744,0.007853328,0.5885049
84898114,84897822,0.80832106,0.005084351,0.007909315,0.58866686
84953120,84952477,0.8081852,0.005073803,0.007929085,0.58885324
85002467,85002164,0.80807006,0.005059711,0.007960048,0.58901083
85047173,85046882,0.8079668,0.0050383285,0.0079886075,0.58915234
85101851,85101537,0.8078437,0.0050345734,0.008006869,0.589321
85151493,85151224,0.8077317,0.0050077434,0.008052525,0.58947414
85201204,85200911,0.8076237,0.004990979,0.008077135,0.5896218
85250864,85250597,0.8075254,0.004974242,0.008110423,0.58975613
85300555,85300284,0.8074257,0.0049631135,0.00815327,0.58989215
85350252,85349971,0.8073162,0.004963262,0.0081721535,0.5900417
85399913,85399657,0.80721176,0.00493544,0.008219369,0.5901842
85454598,85454313,0.8070976,0.0049231374,0.008248252,0.5903399
85499285,85499031,0.80700463,0.004907756,0.008266353,0.590467
85548985,85548718,0.80689883,0.00488731,0.008294011,0.59061134
85598727,85598404,0.8067922,0.004874032,0.008310817,0.59075683
85653331,85653060,0.8066756,0.0048593353,0.008357908,0.5909155
85703019,85702746,0.8065711,0.0048450623,0.008381522,0.5910578
85747736,85747464,0.80647975,0.0048381547,0.008397278,0.5911823
85802389,85802120,0.80636513,0.004800775,0.008439088,0.5913384
85852075,85851806,0.8062589,0.004792743,0.00845044,0.5914831
85901785,85901493,0.80616474,0.0047845645,0.008478565,0.5916111
85951431,85951180,0.8060609,0.0047646333,0.008497414,0.5917526
86001114,86000866,0.8059509,0.0047423276,0.008519627,0.59190214
86050844,86050553,0.8058429,0.004711617,0.008562601,0.592049
86100526,86100240,0.80574226,0.004701495,0.008569458,0.59218574
86150284,86149926,0.8056477,0.0046848007,0.008587221,0.59231436
86199888,86199613,0.8055514,0.0046621305,0.008634316,0.5924447
86249738,86249300,0.80544966,0.0046543223,0.008665117,0.5925825
86299276,86298987,0.8053651,0.0046338947,0.008689661,0.5926974
86353889,86353642,0.805269,0.0046339184,0.008707485,0.59282756
86398642,86398360,0.8051818,0.004621522,0.008740651,0.5929457
86448315,86448047,0.8050869,0.004609153,0.00878375,0.59307396
86502954,86502702,0.8049864,0.0046034115,0.008804173,0.5932102
86552782,86552389,0.8049004,0.004591898,0.008830475,0.59332657
86602445,86602076,0.8048092,0.0045873714,0.008855258,0.5934499
86647055,86646794,0.8047323,0.004581113,0.008882709,0.5935536
86701739,86701449,0.80464035,0.004570696,0.008911741,0.5936782
86751391,86751136,0.80455655,0.004564331,0.008919184,0.59379154
86801094,86800822,0.8044755,0.004556225,0.008955475,0.59390104
86850774,86850509,0.8043932,0.0045409054,0.008980873,0.5940121
86900462,86900196,0.8043056,0.004531051,0.009002066,0.5941304
86950200,86949883,0.8042242,0.0045204647,0.009022166,0.5942405
86999834,86999569,0.8041325,0.004488304,0.009058006,0.59436417
87049547,87049256,0.80404294,0.0044774455,0.009073421,0.59448516
87099197,87098943,0.8039592,0.0044523603,0.009103066,0.59459805
87148884,87148630,0.803883,0.0044600177,0.009092505,0.5947013
87203558,87203285,0.8037801,0.0044486555,0.0091360025,0.59483975
87253288,87252972,0.8036872,0.0044403016,0.009185102,0.5949647
87298005,87297690,0.8036134,0.004438347,0.009199517,0.5950639
87347652,87347376,0.80353093,0.004429976,0.009210653,0.59517545
87402279,87402032,0.8034232,0.0042371256,0.009527077,0.59531707
87451969,87451719,0.8033296,0.0044485717,0.009210723,0.59544694
87501709,87501405,0.80331016,0.004110677,0.009787773,0.5954664
87551362,87551092,0.80322194,0.0045001423,0.0091790175,0.5955921
87601064,87600779,0.8031581,0.004403123,0.009239527,0.595678
87650757,87650465,0.8030589,0.004326596,0.009455879,0.595809
87700523,87700152,0.80298173,0.0044237887,0.009297028,0.59591466
87750261,87749839,0.802859,0.0045126374,0.009167252,0.5960814
87799819,87799526,0.8028207,0.0043311645,0.009457311,0.59612983
87849495,87849212,0.8025166,0.0043461565,0.009532408,0.5965379
87904161,87903868,0.8023547,0.0043784464,0.009577685,0.5967547
87948856,87948586,0.8025417,0.0041293036,0.010037209,0.5964975
87998577,87998273,0.802906,0.004171499,0.0098827835,0.5960092
88048271,88047959,0.80269855,0.004087634,0.009987951,0.5962875
88102903,88102615,0.80267644,0.004080717,0.010258228,0.59631264
88152621,88152302,0.8025777,0.0040235734,0.010240353,0.5964462
