timestamp,current_distance,min_distance,max_distance,signal_quality,variance,orientation,device_id
22000044,0.763,0.1,35.0,-1,0.0,25,14684177
23015225,0.78900003,0.1,35.0,-1,0.0,25,14684177
24030442,0.804,0.1,35.0,-1,0.0,25,14684177
24944021,0.80700004,0.1,35.0,-1,0.0,25,14684177
25959043,0.794,0.1,35.0,-1,0.0,25,14684177
26974316,0.79300004,0.1,35.0,-1,0.0,25,14684177
27989473,0.78800005,0.1,35.0,-1,0.0,25,14684177
29004509,0.79800004,0.1,35.0,-1,0.0,25,14684177
30019557,0.81500006,0.1,35.0,-1,0.0,25,14684177
31034622,0.81700003,0.1,35.0,-1,0.0,25,14684177
31948284,0.81600004,0.1,35.0,-1,0.0,25,14684177
32963394,0.81700003,0.1,35.0,-1,0.0,25,14684177
33978468,0.80700004,0.1,35.0,-1,0.0,25,14684177
34993580,0.804,0.1,35.0,-1,0.0,25,14684177
36008683,0.81100005,0.1,35.0,-1,0.0,25,14684177
37023724,0.81100005,0.1,35.0,-1,0.0,25,14684177
37937338,0.81500006,0.1,35.0,-1,0.0,25,14684177
38952464,0.81700003,0.1,35.0,-1,0.0,25,14684177
39967720,0.813,0.1,35.0,-1,0.0,25,14684177
40982800,0.804,0.1,35.0,-1,0.0,25,14684177
41997962,0.799,0.1,35.0,-1,0.0,25,14684177
43013003,0.813,0.1,35.0,-1,0.0,25,14684177
44028079,0.818,0.1,35.0,-1,0.0,25,14684177
44941755,0.81700003,0.1,35.0,-1,0.0,25,14684177
45956854,0.81200004,0.1,35.0,-1,0.0,25,14684177
46972088,0.81000006,0.1,35.0,-1,0.0,25,14684177
47987284,0.80300003,0.1,35.0,-1,0.0,25,14684177
49002338,0.804,0.1,35.0,-1,0.0,25,14684177
50017438,0.86,0.1,35.0,-1,0.0,25,14684177
51032594,1.0830001,0.1,35.0,-1,0.0,25,14684177
51946202,1.2140001,0.1,35.0,-1,0.0,25,14684177
52961404,1.222,0.1,35.0,-1,0.0,25,14684177
53976475,1.2040001,0.1,35.0,-1,0.0,25,14684177
54991527,1.1800001,0.1,35.0,-1,0.0,25,14684177
56006800,1.176,0.1,35.0,-1,0.0,25,14684177
57021886,1.1830001,0.1,35.0,-1,0.0,25,14684177
57935502,1.1880001,0.1,35.0,-1,0.0,25,14684177
58950682,1.1930001,0.1,35.0,-1,0.0,25,14684177
59965849,1.197,0.1,35.0,-1,0.0,25,14684177
60980889,1.195,0.1,35.0,-1,0.0,25,14684177
61996083,1.194,0.1,35.0,-1,0.0,25,14684177
63011381,1.194,0.1,35.0,-1,0.0,25,14684177
64026457,1.195,0.1,35.0,-1,0.0,25,14684177
64940195,1.195,0.1,35.0,-1,0.0,25,14684177
65955242,1.2030001,0.1,35.0,-1,0.0,25,14684177
66970378,1.212,0.1,35.0,-1,0.0,25,14684177
67985484,1.2160001,0.1,35.0,-1,0.0,25,14684177
69000601,1.2060001,0.1,35.0,-1,0.0,25,14684177
70015686,1.2030001,0.1,35.0,-1,0.0,25,14684177
71030829,1.192,0.1,35.0,-1,0.0,25,14684177
71944423,1.192,0.1,35.0,-1,0.0,25,14684177
72959486,1.194,0.1,35.0,-1,0.0,25,14684177
73974715,1.1980001,0.1,35.0,-1,0.0,25,14684177
74989927,1.2080001,0.1,35.0,-1,0.0,25,14684177
76005046,1.003,0.1,35.0,-1,0.0,25,14684177
77020143,0.642,0.1,35.0,-1,0.0,25,14684177
77933800,0.28800002,0.1,35.0,-1,0.0,25,14684177
78948827,0.11100001,0.1,35.0,-1,0.0,25,14684177
79963929,0.007,0.1,35.0,0,0.0,25,14684177
80979046,0.006,0.1,35.0,0,0.0,25,14684177
81994199,0.007,0.1,35.0,0,0.0,25,14684177
83009371,0.010000001,0.1,35.0,0,0.0,25,14684177
84024528,0.007,0.1,35.0,0,0.0,25,14684177
84938087,0.007,0.1,35.0,0,0.0,25,14684177
85953184,0.004,0.1,35.0,0,0.0,25,14684177
86968311,0.004,0.1,35.0,0,0.0,25,14684177
87983469,0.0050000004,0.1,35.0,0,0.0,25,14684177
88998502,0.006,0.1,35.0,0,0.0,25,14684177
90013568,0.006,0.1,35.0,0,0.0,25,14684177
91028800,0.009000001,0.1,35.0,0,0.0,25,14684177
91942401,0.009000001,0.1,35.0,0,0.0,25,14684177
