timestamp,nav_state,arming_state
21151331,1,2
21654653,1,2
22160680,1,2
22667674,1,2
23173793,1,2
23679652,1,2
24185655,1,2
24691652,1,2
25197695,1,2
25703884,1,2
26209654,1,2
26715653,1,2
27221654,1,2
27728887,1,2
28234764,1,2
28740651,1,2
29246654,1,2
29752653,1,2
30258654,1,2
30764838,1,2
31270652,1,2
31776653,1,2
32282652,1,2
32788664,1,2
33294860,1,2
33800666,1,2
34307188,1,2
34812654,1,2
35318652,1,2
35824765,1,2
36330696,1,2
36836734,1,2
37342654,1,2
37849160,1,2
38355153,1,2
38860653,1,2
39366677,1,2
39872652,1,2
40378653,1,2
40884779,1,2
41248825,2,2
41754652,2,2
42260842,2,2
42766654,2,2
43272688,2,2
43779838,2,2
44285652,2,2
44792677,2,2
45299654,2,2
45805713,2,2
46311654,2,2
46818957,2,2
47324886,2,2
47830766,2,2
48336676,2,2
48809807,1,2
49315654,1,2
49821654,1,2
50327654,1,2
50833653,1,2
51339938,1,2
51845844,1,2
52351651,1,2
52604815,2,2
53110673,2,2
53617653,2,2
54123653,2,2
54629653,2,2
55135703,2,2
55641652,2,2
56147696,2,2
56653655,2,2
57159653,2,2
57665651,2,2
58172653,2,2
58678651,2,2
59184670,2,2
59690673,2,2
60196653,2,2
60702674,2,2
61208652,2,2
61714653,2,2
62220652,2,2
62726668,2,2
63233205,2,2
63738654,2,2
64244698,2,2
64750652,2,2
65256653,2,2
65762651,2,2
66268653,2,2
66774654,2,2
67280672,2,2
67786652,2,2
68292651,2,2
68799652,2,2
69305722,2,2
69811665,2,2
70317654,2,2
70824689,2,2
71331013,2,2
71837652,2,2
72343654,2,2
72849678,2,2
73355654,2,2
73861651,2,2
74323795,1,2
74829653,1,2
75336040,1,2
75842179,1,2
76347654,1,2
76853818,1,2
77359654,1,2
77865652,1,2
78371652,1,2
78877652,1,2
79383900,1,2
79889675,1,2
80395652,1,2
80901657,1,2
81407652,1,2
81913965,1,2
82419660,1,2
82926766,1,2
83433113,1,2
83938665,1,2
84444742,1,2
84455739,1,2
84544376,1,2
85049653,1,2
85555653,1,2
85808961,1,2
85863925,1,2
86017809,1,2
86083806,1,2
86589652,1,2
87095651,1,2
87601732,1,2
88107654,1,2
88613809,1,2
89119652,1,2
89625858,1,2
90131666,1,2
90637652,1,2
91034426,1,1
91541697,1,1
