t,lateral_m,distance_err_m,z_cm,qr_ok
207363.101,0.0012,0.0056,25.56,1
207363.101,0.0015,0.0065,25.65,1
207363.102,0.0015,0.0067,25.67,1
207363.102,0.0010,0.0069,25.69,1
207363.103,0.0002,0.0078,25.78,1
207363.130,-0.0000,0.0067,25.67,1
207363.240,-0.0003,0.0069,25.69,1
207363.279,-0.0005,0.0068,25.68,1
207363.321,-0.0006,0.0066,25.66,1
207363.541,-0.0004,0.0012,25.12,1
207363.606,-0.0001,0.0003,25.03,1
207363.663,-0.0001,-0.0011,24.89,1
207363.697,-0.0002,-0.0009,24.91,1
207363.753,-0.0000,-0.0032,24.68,1
207363.783,0.0001,-0.0038,24.62,1
207363.894,0.0006,-0.0042,24.58,1
207364.236,0.0006,-0.0044,24.56,1
207364.301,0.0005,-0.0040,24.60,1
207364.335,0.0008,-0.0043,24.57,1
207364.394,0.0007,-0.0046,24.54,1
207364.433,0.0007,-0.0054,24.46,1
207364.467,0.0007,-0.0049,24.51,1
207364.558,0.0010,-0.0059,24.41,1
207364.589,0.0007,-0.0062,24.38,1
207364.624,0.0007,-0.0058,24.42,1
207364.730,0.0011,-0.0064,24.36,1
207364.832,0.0007,-0.0063,24.37,1
207365.039,0.0005,-0.0073,24.27,1
207365.074,0.0006,-0.0073,24.27,1
207365.112,0.0007,-0.0069,24.31,1
207365.158,0.0006,-0.0076,24.24,1
207365.224,0.0005,-0.0078,24.22,1
207365.266,0.0000,-0.0073,24.27,1
207365.309,0.0000,-0.0079,24.21,1
207365.370,0.0001,-0.0080,24.20,1
207365.422,0.0000,-0.0090,24.10,1
207365.538,0.0000,-0.0096,24.04,1
207365.599,0.0000,-0.0096,24.04,1
207365.666,0.0001,-0.0085,24.15,1
207365.705,-0.0000,-0.0085,24.15,1
207365.739,-0.0004,-0.0080,24.20,1
207365.770,-0.0001,-0.0080,24.20,1
207365.818,-0.0006,-0.0082,24.18,1
207365.885,-0.0003,-0.0082,24.18,1
207365.917,-0.0003,-0.0087,24.13,1
207365.955,-0.0001,-0.0086,24.14,1
207366.027,-0.0000,-0.0108,23.92,1
207366.063,-0.0001,-0.0113,23.87,1
207366.151,0.0003,-0.0131,23.69,1
207366.194,0.0004,-0.0141,23.59,1
207366.241,-0.0000,-0.0156,23.44,1
207366.315,-0.0004,-0.0191,23.09,1
207366.386,0.0000,-0.0207,22.93,1
207366.486,0.0013,-0.0230,22.70,1
207366.524,0.0014,-0.0232,22.68,1
207366.625,0.0014,-0.0245,22.55,1
207366.727,0.0018,-0.0258,22.42,1
207366.788,0.0017,-0.0271,22.29,1
207366.820,0.0016,-0.0273,22.27,1
207366.855,0.0014,-0.0269,22.31,1
207366.989,0.0012,-0.0272,22.28,1
207367.086,0.0014,-0.0267,22.33,1
207367.126,0.0012,-0.0264,22.36,1
207367.167,0.0015,-0.0258,22.42,1
207367.201,0.0011,-0.0252,22.48,1
207367.237,0.0012,-0.0244,22.56,1
207367.273,0.0009,-0.0230,22.70,1
207367.309,0.0006,-0.0215,22.85,1
207367.342,-0.0000,-0.0200,23.00,1
207367.391,-0.0007,-0.0171,23.29,1
207367.515,-0.0003,-0.0121,23.79,1
207367.589,0.0005,-0.0081,24.19,1
207367.621,0.0008,-0.0055,24.45,1
207367.684,0.0016,-0.0018,24.82,1
207367.799,0.0033,0.0058,25.58,1
207367.839,0.0037,0.0084,25.84,1
207367.878,0.0042,0.0121,26.21,1
207367.921,0.0044,0.0147,26.47,1
207367.967,0.0049,0.0203,27.03,1
207368.034,0.0049,0.0259,27.59,1
207368.068,0.0050,0.0290,27.90,1
207368.108,0.0049,0.0311,28.11,1
207368.188,0.0049,0.0375,28.75,1
207368.309,0.0052,0.0427,29.27,1
207368.345,0.0051,0.0439,29.39,1
207368.388,0.0054,0.0445,29.45,1
207368.488,0.0060,0.0480,29.80,1
207368.521,0.0057,0.0490,29.90,1
207368.584,0.0056,0.0502,30.02,1
207368.694,0.0051,0.0504,30.04,1
207368.870,0.0049,0.0505,30.05,1
207369.073,0.0044,0.0505,30.05,1
207369.106,0.0040,0.0504,30.04,1
207369.188,0.0039,0.0498,29.98,1
207369.223,0.0040,0.0497,29.97,1
207369.353,0.0041,0.0500,30.00,1
207369.398,0.0039,0.0504,30.04,1
207369.530,0.0043,0.0503,30.03,1
207369.592,0.0043,0.0505,30.05,1
207369.627,0.0043,0.0505,30.05,1
207369.691,0.0047,0.0516,30.16,1
207369.761,0.0046,0.0528,30.28,1
207369.861,0.0052,0.0544,30.44,1
207370.232,0.0057,0.0721,32.21,1
207370.268,0.0056,0.0743,32.43,1
207370.356,0.0051,0.0824,33.24,1
207370.391,0.0049,0.0842,33.42,1
207370.564,0.0048,0.1012,35.12,1
207370.642,0.0051,0.1079,35.79,1
207370.724,0.0052,0.1169,36.69,1
207370.834,0.0055,0.1264,37.64,1
207370.871,0.0060,0.1286,37.86,1
207371.029,0.0064,0.1370,38.70,1
207371.067,0.0062,0.1390,38.90,1
207371.163,0.0052,0.1433,39.33,1
207371.221,0.0047,0.1454,39.54,1
207371.275,0.0046,0.1462,39.62,1
207371.329,0.0048,0.1469,39.69,1
207371.389,0.0051,0.1483,39.83,1
207371.424,0.0056,0.1474,39.74,1
207371.462,0.0055,0.1475,39.75,1
207371.499,0.0056,0.1469,39.69,1
207371.541,0.0063,0.1478,39.78,1
207371.578,0.0062,0.1475,39.75,1
207371.622,0.0064,0.1467,39.67,1
207371.808,0.0066,0.1452,39.52,1
207371.861,0.0065,0.1453,39.53,1
207371.937,0.0066,0.1453,39.53,1
207372.032,0.0072,0.1442,39.42,1
207372.092,0.0074,0.1440,39.40,1
207372.130,0.0078,0.1445,39.45,1
207372.171,0.0080,0.1441,39.41,1
207372.226,0.0085,0.1433,39.33,1
207372.268,0.0085,0.1426,39.26,1
207372.356,0.0092,0.1435,39.35,1
207372.421,0.0094,0.1424,39.24,1
207372.457,0.0094,0.1418,39.18,1
207372.496,0.0095,0.1430,39.30,1
207372.701,0.0095,0.1450,39.50,1
207372.741,0.0091,0.1469,39.69,1
207372.823,0.0082,0.1545,40.45,1
207372.890,0.0073,0.1631,41.31,1
207372.929,0.0069,0.1667,41.67,1
207372.989,0.0062,0.1750,42.50,1
207373.041,0.0056,0.1801,43.01,1
207373.093,0.0055,0.1844,43.44,1
207373.134,0.0046,0.1943,44.43,1
207373.267,0.0033,0.2096,45.96,1
207373.328,0.0018,0.2188,46.88,1
207373.377,0.0013,0.2206,47.06,1
207373.593,-0.0022,0.2327,48.27,0
207373.731,-0.0028,0.2367,48.67,0
207373.843,-0.0035,0.2344,48.44,0
207373.922,-0.0035,0.2342,48.42,0
207373.977,-0.0032,0.2341,48.41,0
207374.064,-0.0031,0.2347,48.47,0
207374.315,-0.0028,0.2367,48.67,1
207374.421,-0.0025,0.2353,48.53,1
207374.489,-0.0024,0.2338,48.38,1
207374.592,-0.0028,0.2365,48.65,1
207374.628,-0.0032,0.2372,48.72,1
207374.664,-0.0035,0.2388,48.88,1
207374.794,-0.0044,0.2460,49.60,1
207374.834,-0.0042,0.2488,49.88,1
207374.873,-0.0042,0.2531,50.31,1
207374.910,-0.0044,0.2559,50.59,1
207374.955,-0.0045,0.2593,50.93,1
207374.987,-0.0049,0.2597,50.97,1
207375.038,-0.0054,0.2672,51.72,1
207375.077,-0.0058,0.2704,52.04,1
207375.116,-0.0061,0.2729,52.29,1
207375.155,-0.0065,0.2793,52.93,1
207375.194,-0.0068,0.2863,53.63,1
207375.234,-0.0071,0.2908,54.08,1
207375.276,-0.0074,0.2934,54.34,1
207375.318,-0.0076,0.2982,54.82,1
207375.393,-0.0086,0.3064,55.64,0
207375.498,-0.0089,0.3160,56.60,0
207375.565,-0.0097,0.3233,57.33,0
207375.742,-0.0101,0.3371,58.71,0
207375.868,-0.0100,0.3411,59.11,0
207375.909,-0.0098,0.3431,59.31,0
207376.070,-0.0098,0.3480,59.80,0
207376.114,-0.0095,0.3495,59.95,0
207376.157,-0.0097,0.3501,60.01,0
207376.197,-0.0095,0.3495,59.95,0
207376.243,-0.0096,0.3477,59.77,0
207376.284,-0.0098,0.3481,59.81,0
207376.324,-0.0097,0.3501,60.01,0
207376.369,-0.0099,0.3509,60.09,0
207376.414,-0.0103,0.3513,60.13,0
207376.457,-0.0103,0.3520,60.20,0
207376.496,-0.0103,0.3528,60.28,0
207376.534,-0.0105,0.3541,60.41,0
207376.571,-0.0105,0.3541,60.41,0
207376.616,-0.0104,0.3546,60.46,0
207376.664,-0.0104,0.3547,60.47,0
207376.713,-0.0106,0.3562,60.62,0
207376.754,-0.0108,0.3580,60.80,0
207376.827,-0.0106,0.3600,61.00,0
207376.870,-0.0103,0.3615,61.15,0
207376.965,-0.0099,0.3636,61.36,0
207377.032,-0.0098,0.3642,61.42,0
207377.135,-0.0097,0.3649,61.49,0
207377.191,-0.0096,0.3672,61.72,0
207377.290,-0.0106,0.3683,61.83,0
207377.332,-0.0108,0.3704,62.04,0
207377.503,-0.0118,0.3776,62.76,0
207377.711,-0.0127,0.3858,63.58,0
207377.776,-0.0134,0.3877,63.77,0
207377.819,-0.0134,0.3937,64.37,0
207377.875,-0.0137,0.3931,64.31,0
207377.915,-0.0146,0.3952,64.52,0
207377.958,-0.0145,0.3984,64.84,0
207378.001,-0.0158,0.4024,65.24,0
207378.057,-0.0166,0.3995,64.95,0
207378.101,-0.0165,0.4063,65.63,0
207378.159,-0.0169,0.4111,66.11,0
207378.198,-0.0171,0.4118,66.18,0
207378.252,-0.0171,0.4118,66.18,0
207378.311,-0.0173,0.4134,66.34,0
207378.362,-0.0179,0.4135,66.35,0
207378.404,-0.0182,0.4172,66.72,0
207378.445,-0.0191,0.4146,66.46,0
207378.494,-0.0197,0.4205,67.05,0
207378.537,-0.0203,0.4232,67.32,0
207378.665,-0.0216,0.4274,67.74,0
207378.734,-0.0220,0.4307,68.07,0
207378.774,-0.0222,0.4294,67.94,0
207378.821,-0.0218,0.4300,68.00,0
207378.866,-0.0217,0.4323,68.23,0
207378.907,-0.0212,0.4332,68.32,0
207378.947,-0.0206,0.4319,68.19,0
207378.990,-0.0204,0.4320,68.20,0
207379.068,-0.0189,0.4299,67.99,0
207379.108,-0.0182,0.4291,67.91,0
207379.147,-0.0174,0.4306,68.06,0
207379.204,-0.0160,0.4256,67.56,0
207379.259,-0.0153,0.4267,67.67,0
207379.327,-0.0146,0.4216,67.16,0
207379.369,-0.0144,0.4227,67.27,0
207379.409,-0.0143,0.4185,66.85,0
207379.804,-0.0114,0.3925,64.25,0
207379.846,-0.0114,0.3908,64.08,0
207379.911,-0.0114,0.3863,63.63,0
207379.956,-0.0113,0.3886,63.86,0
207380.100,-0.0129,0.3762,62.62,0
207380.152,-0.0132,0.3720,62.20,0
207380.397,-0.0145,0.3495,59.95,0
207380.441,-0.0146,0.3479,59.79,0
207380.493,-0.0141,0.3427,59.27,0
207380.631,-0.0135,0.3345,58.45,0
207380.695,-0.0135,0.3307,58.07,0
207380.756,-0.0136,0.3288,57.88,0
207380.793,-0.0138,0.3264,57.64,0
207380.861,-0.0138,0.3197,56.97,0
207380.905,-0.0135,0.3195,56.95,0
207380.957,-0.0135,0.3153,56.53,0
207381.054,-0.0136,0.3096,55.96,0
207381.131,-0.0134,0.3057,55.57,0
207381.299,-0.0139,0.2965,54.65,0
207381.377,-0.0141,0.2943,54.43,0
207381.423,-0.0141,0.2913,54.13,0
207381.466,-0.0140,0.2886,53.86,0
207381.521,-0.0139,0.2855,53.55,0
207381.570,-0.0140,0.2834,53.34,0
207381.767,-0.0157,0.2768,52.68,0
207381.890,-0.0163,0.2741,52.41,0
207381.962,-0.0173,0.2710,52.10,0
207382.006,-0.0173,0.2696,51.96,0
207382.093,-0.0179,0.2644,51.44,0
207382.164,-0.0175,0.2620,51.20,0
207382.378,-0.0173,0.2515,50.15,0
207382.421,-0.0175,0.2492,49.92,0
207382.551,-0.0171,0.2440,49.40,0
207382.591,-0.0172,0.2404,49.04,0
207382.636,-0.0169,0.2396,48.96,0
207382.689,-0.0165,0.2363,48.63,0
207382.731,-0.0166,0.2338,48.38,0
207382.772,-0.0165,0.2343,48.43,0
207382.821,-0.0159,0.2327,48.27,0
207382.861,-0.0159,0.2332,48.32,0
207382.902,-0.0156,0.2303,48.03,0
207382.948,-0.0154,0.2307,48.07,0
207382.982,-0.0152,0.2298,47.98,0
207383.031,-0.0152,0.2297,47.97,0
207383.075,-0.0150,0.2274,47.74,0
207383.116,-0.0149,0.2255,47.55,0
207383.156,-0.0149,0.2253,47.53,0
207383.196,-0.0150,0.2246,47.46,0
207383.239,-0.0146,0.2214,47.14,0
207383.287,-0.0144,0.2211,47.11,0
207383.326,-0.0140,0.2193,46.93,0
207383.365,-0.0138,0.2170,46.70,0
207383.412,-0.0134,0.2164,46.64,0
207383.456,-0.0134,0.2125,46.25,0
207383.497,-0.0131,0.2120,46.20,0
207383.540,-0.0127,0.2095,45.95,0
207383.588,-0.0130,0.2067,45.67,0
207383.630,-0.0129,0.2045,45.45,0
207383.669,-0.0128,0.2010,45.10,0
207383.714,-0.0129,0.2001,45.01,0
207383.758,-0.0129,0.1984,44.84,0
207383.803,-0.0125,0.1934,44.34,0
207383.890,-0.0115,0.1876,43.76,0
207383.963,-0.0109,0.1844,43.44,1
207384.131,-0.0088,0.1757,42.57,1
207384.175,-0.0085,0.1761,42.61,1
207384.214,-0.0081,0.1746,42.46,1
207384.253,-0.0073,0.1717,42.17,1
207384.319,-0.0067,0.1700,42.00,1
207384.390,-0.0063,0.1670,41.70,1
207384.489,-0.0051,0.1625,41.25,1
207384.529,-0.0048,0.1624,41.24,1
207384.586,-0.0033,0.1581,40.81,1
207384.909,-0.0023,0.1405,39.05,1
207384.997,-0.0033,0.1387,38.87,1
207385.056,-0.0032,0.1369,38.69,1
207385.131,-0.0025,0.1373,38.73,1
207385.175,-0.0022,0.1361,38.61,1
207385.210,-0.0016,0.1376,38.76,1
207385.288,0.0003,0.1392,38.92,1
207385.324,0.0007,0.1404,39.04,1
207385.404,0.0014,0.1406,39.06,1
207385.441,0.0015,0.1410,39.10,1
207385.567,0.0009,0.1398,38.98,1
207385.634,0.0010,0.1394,38.94,1
207385.670,0.0012,0.1391,38.91,1
207385.715,0.0009,0.1393,38.93,1
207385.752,0.0009,0.1388,38.88,1
207385.787,0.0007,0.1397,38.97,1
207385.827,0.0007,0.1396,38.96,1
207385.999,0.0003,0.1378,38.78,1
207386.036,0.0001,0.1370,38.70,1
207386.087,-0.0001,0.1356,38.56,1
207386.126,-0.0001,0.1363,38.63,1
207386.166,-0.0004,0.1359,38.59,1
207386.204,-0.0002,0.1357,38.57,1
207386.432,-0.0010,0.1392,38.92,1
207386.485,-0.0010,0.1443,39.43,1
207386.554,-0.0012,0.1493,39.93,1
207386.591,-0.0011,0.1528,40.28,1
207386.653,-0.0013,0.1586,40.86,1
207386.691,-0.0016,0.1625,41.25,1
207386.753,-0.0007,0.1683,41.83,1
207386.828,-0.0007,0.1748,42.48,1
207386.957,0.0001,0.1842,43.42,1
207387.173,-0.0002,0.1964,44.64,1
207387.276,0.0009,0.2008,45.08,1
207387.329,-0.0000,0.2037,45.37,1
207387.471,0.0010,0.2094,45.94,1
207387.575,0.0009,0.2151,46.51,1
207387.611,0.0007,0.2170,46.70,1
207387.698,0.0005,0.2202,47.02,1
207387.765,0.0010,0.2232,47.32,1
207387.829,0.0009,0.2254,47.54,1
207387.941,0.0007,0.2261,47.61,1
207387.987,0.0004,0.2270,47.70,1
207388.053,-0.0011,0.2281,47.81,1
207388.100,-0.0007,0.2304,48.04,1
207388.154,-0.0003,0.2333,48.33,1
207388.232,-0.0003,0.2353,48.53,1
207388.298,-0.0006,0.2371,48.71,1
207388.356,-0.0009,0.2401,49.01,1
207388.393,-0.0012,0.2423,49.23,1
207388.439,-0.0012,0.2414,49.14,1
207388.486,-0.0016,0.2446,49.46,1
207388.660,-0.0006,0.2456,49.56,1
207388.700,-0.0005,0.2435,49.35,1
207388.737,-0.0009,0.2434,49.34,1
207388.822,-0.0007,0.2414,49.14,1
207388.927,0.0004,0.2391,48.91,1
207388.971,0.0007,0.2385,48.85,1
207389.018,0.0019,0.2355,48.55,1
207389.089,0.0028,0.2336,48.36,1
207389.156,0.0038,0.2281,47.81,1
207389.192,0.0044,0.2241,47.41,1
207389.234,0.0050,0.2190,46.90,1
207389.273,0.0056,0.2136,46.36,1
207389.311,0.0060,0.2069,45.69,1
207389.352,0.0069,0.2009,45.09,1
207389.417,0.0081,0.1840,43.40,1
207389.495,0.0090,0.1731,42.31,1
207389.624,0.0107,0.1521,40.21,0
207389.662,0.0111,0.1481,39.81,0
207389.721,0.0109,0.1394,38.94,0
207389.787,0.0110,0.1299,37.99,0
207389.826,0.0118,0.1252,37.52,0
207390.028,0.0102,0.1003,35.03,0
207390.071,0.0104,0.0948,34.48,0
207390.226,0.0112,0.0702,32.02,0
207390.289,0.0106,0.0621,31.21,0
207390.326,0.0109,0.0586,30.86,0
207390.362,0.0106,0.0549,30.49,0
207390.422,0.0112,0.0463,29.63,0
207390.492,0.0113,0.0364,28.64,0
207390.528,0.0124,0.0308,28.08,0
207390.657,0.0155,0.0074,25.74,0
207390.704,0.0173,0.0009,25.09,0
207390.738,0.0194,-0.0042,24.58,0
207390.789,0.0215,-0.0149,23.51,0
207390.883,0.0212,-0.0276,22.24,0
207390.919,0.0208,-0.0303,21.97,0
207390.983,0.0203,-0.0352,21.48,0
207391.049,0.0207,-0.0382,21.18,0
207391.087,0.0211,-0.0393,21.07,0
207391.294,0.0218,-0.0433,20.67,0
207391.389,0.0203,-0.0430,20.70,0
207391.429,0.0200,-0.0432,20.68,0
207391.463,0.0193,-0.0428,20.72,0
207391.542,0.0185,-0.0424,20.76,0
207391.612,0.0178,-0.0423,20.77,0
207391.647,0.0179,-0.0427,20.73,0
207391.683,0.0179,-0.0427,20.73,0
207391.752,0.0169,-0.0426,20.74,0
207391.794,0.0172,-0.0429,20.71,0
207391.832,0.0167,-0.0423,20.77,0
207391.867,0.0169,-0.0430,20.70,0
207391.953,0.0162,-0.0431,20.69,0
207391.986,0.0160,-0.0434,20.66,0
207392.252,0.0149,-0.0442,20.58,0
207392.464,0.0142,-0.0450,20.50,0
207392.498,0.0139,-0.0441,20.59,0
207392.589,0.0136,-0.0410,20.90,0
207392.641,0.0127,-0.0367,21.33,0
207392.688,0.0123,-0.0340,21.60,0
207392.750,0.0107,-0.0268,22.32,0
207392.789,0.0106,-0.0241,22.59,0
207392.843,0.0101,-0.0180,23.20,0
207392.899,0.0103,-0.0158,23.42,0
207392.978,0.0095,-0.0077,24.23,0
207393.259,0.0052,0.0086,25.86,0
207393.388,0.0037,0.0147,26.47,0
207393.564,0.0026,0.0188,26.88,0
207393.759,0.0056,0.0199,26.99,0
207393.830,0.0088,0.0180,26.80,0
207393.921,0.0129,0.0175,26.75,0
207393.982,0.0142,0.0170,26.70,0
207394.429,0.0081,0.0202,27.02,1
207394.466,0.0075,0.0198,26.98,1
207394.520,0.0062,0.0210,27.10,1
207394.583,0.0061,0.0205,27.05,1
207394.796,0.0067,0.0218,27.18,1
207394.835,0.0070,0.0220,27.20,1
207394.870,0.0073,0.0216,27.16,1
207394.957,0.0078,0.0215,27.15,1
207395.023,0.0081,0.0217,27.17,1
207395.121,0.0079,0.0221,27.21,1
207395.295,0.0080,0.0220,27.20,1
207395.329,0.0084,0.0215,27.15,1
207395.379,0.0089,0.0210,27.10,1
207395.415,0.0086,0.0206,27.06,1
207395.528,0.0093,0.0185,26.85,1
207395.587,0.0095,0.0174,26.74,1
207395.624,0.0096,0.0164,26.64,1
207395.669,0.0097,0.0156,26.56,1
207395.705,0.0100,0.0143,26.43,1
207395.744,0.0099,0.0131,26.31,1
207395.784,0.0100,0.0114,26.14,1
207395.952,0.0098,0.0016,25.16,1
207396.048,0.0100,-0.0018,24.82,1
207396.122,0.0100,-0.0037,24.63,1
207396.179,0.0102,-0.0067,24.33,1
207396.279,0.0108,-0.0129,23.71,1
207396.394,0.0114,-0.0172,23.28,1
207396.452,0.0115,-0.0202,22.98,1
207397.294,0.0117,-0.0356,21.44,1
207397.338,0.0119,-0.0366,21.34,1
207397.417,0.0117,-0.0384,21.16,1
207397.587,0.0114,-0.0415,20.85,1
207397.618,0.0114,-0.0418,20.82,1
207397.657,0.0110,-0.0419,20.81,1
207397.690,0.0111,-0.0425,20.75,1
207397.748,0.0109,-0.0421,20.79,1
207397.776,0.0100,-0.0399,21.01,1
207397.807,0.0085,-0.0354,21.46,1
207397.845,0.0073,-0.0319,21.81,1
207397.912,0.0041,-0.0210,22.90,1
