scenario,model,input_ticks,output_count,missing_count,coverage,median_m,rmse_m,p95_m,max_m,at_or_above_7cm_count
overall,A,480,480,0,1.0,0.025720809962254287,0.029998844194287298,0.049182171108175445,0.08051208233368994,4
overall,B,480,478,2,0.9958333333333333,0.012523391255207121,0.016118852750440327,0.026714629262585214,0.04776941982984678,0
overall,C,480,480,0,1.0,0.025953414197912385,0.030044253839754127,0.04926113122264383,0.08089076550748864,4
overall,D,480,266,214,0.5541666666666667,0.04019642100679846,0.04897488934834749,0.08379684855353772,0.11602171570684901,34
overall,WLS,480,480,0,1.0,0.025720809962254287,0.029998844194287295,0.049182171108175445,0.08051208233368994,4
start_hold,A,80,80,0,1.0,0.02479014244253959,0.02875246436257672,0.04583909116770342,0.07408325446124421,1
start_hold,B,80,78,2,0.975,0.01140461239524233,0.014248414611190878,0.02652850053916943,0.03261590901537021,0
start_hold,C,80,80,0,1.0,0.024599699429162014,0.02870621136408395,0.04565119236553602,0.07468309634031697,1
start_hold,D,80,41,39,0.5125,0.03793644676825106,0.042269572615606474,0.07197722433301454,0.09119170259287415,3
start_hold,WLS,80,80,0,1.0,0.02479014244253959,0.028752464362576717,0.04583909116770342,0.07408325446124421,1
east,A,80,80,0,1.0,0.0249088653993346,0.029769197853202947,0.04964665637579752,0.06324603791914685,0
east,B,80,80,0,1.0,0.012866661401397403,0.014488153902684717,0.02250253364183405,0.025952266294700994,0
east,C,80,80,0,1.0,0.024268994920454152,0.02975971849315096,0.05018407668935907,0.0635913109477558,0
east,D,80,40,40,0.5,0.04591297544092266,0.05019910935245059,0.07554068926421714,0.09371805773130265,5
east,WLS,80,80,0,1.0,0.0249088653993346,0.029769197853202947,0.04964665637579752,0.06324603791914685,0
west_reversal,A,80,80,0,1.0,0.023962092430168502,0.028854303782368185,0.04743699731017844,0.0647427445608426,0
west_reversal,B,80,80,0,1.0,0.014619749674528195,0.02015458369450279,0.040932546752951264,0.04776941982984678,0
west_reversal,C,80,80,0,1.0,0.023699398352167767,0.028859022900939817,0.04734192347741987,0.0651307548733053,0
west_reversal,D,80,45,35,0.5625,0.04891640151807659,0.05254502849058759,0.0936041671006105,0.11357939594033602,5
west_reversal,WLS,80,80,0,1.0,0.023962092430168502,0.02885430378236819,0.04743699731017844,0.0647427445608426,0
middle_hold,A,40,40,0,1.0,0.02598447601791156,0.03201679060434998,0.049775285932497214,0.08051208233368994,1
middle_hold,B,40,40,0,1.0,0.01672366880653455,0.016235368102534693,0.023520104971776166,0.024186994589551418,0
middle_hold,C,40,40,0,1.0,0.025777457522239013,0.03213555155562571,0.04985130732638398,0.08089076550748864,1
middle_hold,D,40,18,22,0.45,0.02995898940913143,0.04457158507465107,0.07641050798835614,0.09715229393888217,2
middle_hold,WLS,40,40,0,1.0,0.02598447601791156,0.03201679060434998,0.049775285932497214,0.08051208233368994,1
north,A,48,48,0,1.0,0.026861762621610677,0.027771087501682012,0.04176287875177741,0.053236092984072635,0
north,B,48,48,0,1.0,0.00817776823281892,0.010929941958997392,0.0196003310910434,0.021957391330940133,0
north,C,48,48,0,1.0,0.026786258713958514,0.02793752028158653,0.04227652561775719,0.05320015013405716,0
north,D,48,32,16,0.6666666666666666,0.035014241895069076,0.04418648594019515,0.07220228492337498,0.08531171157104744,2
north,WLS,48,48,0,1.0,0.026861762621610677,0.02777108750168201,0.04176287875177741,0.053236092984072635,0
south_reversal,A,48,48,0,1.0,0.028909742771367618,0.03543320040312292,0.062039801671601294,0.07929951992168026,1
south_reversal,B,48,48,0,1.0,0.021080290979545356,0.023252443488933128,0.038761970873711714,0.047709542189192405,0
south_reversal,C,48,48,0,1.0,0.028791795372166223,0.03552255378548451,0.062389034094245496,0.07900842861836936,1
south_reversal,D,48,32,16,0.6666666666666666,0.036870140483276824,0.052899187187144356,0.09048572009438023,0.10486792676979033,7
south_reversal,WLS,48,48,0,1.0,0.028909742771367618,0.035433200403122894,0.06203980167160122,0.07929951992167976,1
end_hold,A,104,104,0,1.0,0.026580410594351907,0.029424208871756865,0.047281974291033084,0.07873623766623138,1
end_hold,B,104,104,0,1.0,0.010546350586182442,0.012724170544360851,0.02070309295728499,0.023480752069472872,0
end_hold,C,104,104,0,1.0,0.026656557550791302,0.029504257283539784,0.04617880116129003,0.07959643462852653,1
end_hold,D,104,58,46,0.5576923076923077,0.04022636590823101,0.051180912173313144,0.08532102849951538,0.11602171570684901,10
end_hold,WLS,104,104,0,1.0,0.026580410594351907,0.02942420887175686,0.047281974291033084,0.07873623766623138,1
